area,energy_distance,hdi_2013,gini_index,ghi_200913,gni_per_capita_current_us,"malnutrition_prevalence,_height_for_age_of_children_under_5","malnutrition_prevalence,_weight_for_age_of_children_under_5",sex,mean_bmi,number_of_people_who_are_undernourished_sn.itk.defc,prevalence_of_bmi_18.5_to_20_,prevalence_of_bmi_20_to_25_,prevalence_of_bmi_25_to_30_,prevalence_of_bmi_30_to_35_,prevalence_of_bmi_35_to_40_,prevalence_of_bmi_40_morbid_obesity,prevalence_of_bmi18.5_underweight,prevalence_of_bmi30_obesity,prevalence_of_bmi35_severe_obesity,prevalence_of_anemia_among_children_of_children_under_5_sh.anm.chld.zs,prevalence_of_anemia_among_nonpregnant_women_of_women_ages_1549_sh.anm.nprg.zs,prevalence_of_anemia_among_pregnant_women_sh.prg.anem,prevalence_of_anemia_among_women_of_reproductive_age_of_women_ages_1549_sh.anm.allw.zs,prevalence_of_overweight_of_adults_sh.sta.owad.zs,prevalence_of_overweight_of_children_under_5_sh.sta.owgh.zs,"prevalence_of_severe_wasting,_weight_for_height_of_children_under_5_sh.svr.wast.zs",prevalence_of_undernourishment_of_population_sn.itk.defc.zs,prevalence_of_wasting_of_children_under_5_sh.sta.wast.zs,Prevalence of raised blood pressure,Age-standardised diabetes prevalence,share_agriculture_total_emissions_%
Afghanistan,-267,0.487,,5.3,670,40.9,25,Men,22.43,8100000,0.150466429,0.485604807,0.159170266,0.025586069,0.001677215,0.000705007,0.176790206,0.027968292,0.002382222,44.8,38.4,37.4,38.3,21.1,5.4,4,25.5,9.5,0.304031294,0.113026693,69.9791
Afghanistan,-267,0.487,,5.3,670,40.9,25,Women,23.85,8100000,0.142335707,0.44043513,0.180685054,0.054020629,0.011700623,0.003592063,0.167230793,0.069313315,0.015292686,44.8,38.4,37.4,38.3,21.1,5.4,4,25.5,9.5,0.305002284,0.119457729,69.9791
Albania,834,0.771,,<5,4540,,,Men,26.84,200000,0.018922607,0.339941229,0.434949006,0.16443248,0.032041438,0.005547001,0.004166238,0.202020919,0.03758844,22.7,23.2,22.1,23.2,55.5,,,5.7,,0.333023476,0.075747074,30.8984
Albania,834,0.771,,<5,4540,,,Women,26.27,200000,0.058689424,0.410689376,0.297035033,0.14789833,0.048956953,0.015418279,0.021312605,0.212273562,0.064375232,22.7,23.2,22.1,23.2,55.5,,,5.7,,0.256303714,0.070274882,30.8984
Algeria,934,0.745,,17.4,5480,,,Men,24.6,1800000,0.044187562,0.348162029,0.385470314,0.150965664,0.025934877,0.00804126,0.037238294,0.184941801,0.033976137,29.7,33.6,37.7,33.9,59.8,,,4.7,,0.259805788,0.119982017,5.7617
Algeria,934,0.745,,17.4,5480,,,Women,26.34,1800000,0.035698302,0.266993249,0.320809345,0.218998443,0.085822362,0.036684722,0.034993578,0.341505527,0.122507084,29.7,33.6,37.7,33.9,59.8,,,4.7,,0.255186176,0.12342024,5.7617
Angola,118,0.554,,<5,4790,,,Men,22.22,8000000,0.17422982,0.474571492,0.149495575,0.029689335,0.004400213,0.000834981,0.166778584,0.034924529,0.005235194,52.4,46.7,50.9,47.2,25.5,,,30.8,,0.298895104,0.082869063,18.0376
Angola,118,0.554,,<5,4790,,,Women,24.03,8000000,0.123621049,0.426482175,0.226756685,0.077396193,0.025288416,0.008246233,0.112209249,0.110930842,0.033534649,52.4,46.7,50.9,47.2,25.5,,,30.8,,0.298916425,0.076330703,18.0376
Antigua and Barbuda,57,0.768,,,11820,,,Men,25.56,,0.080996087,0.471200392,0.289196731,0.084996325,0.01688084,0.007072672,0.049656953,0.108949836,0.023953511,31.9,21.3,24.6,21.4,46.3,,,,,0.2611852,0.096006547,4.4128
Antigua and Barbuda,57,0.768,,,11820,,,Women,27.58,,0.057720876,0.344144669,0.302380389,0.147572492,0.065680752,0.039009456,0.043491366,0.2522627,0.104690208,31.9,21.3,24.6,21.4,46.3,,,,,0.201522206,0.126408984,4.4128
Argentina,873,0.82,41,<5,12770,,,Men,27.71,1500000,0.01985133,0.313900118,0.396968206,0.198922417,0.054853134,0.011515125,0.00398967,0.265290676,0.066368259,20.1,15.8,27.5,16.3,61.2,,,3.5,,0.282239527,0.097733546,23.9476
Argentina,873,0.82,41,<5,12770,,,Women,27.46,1500000,0.041414847,0.348425047,0.310514257,0.173005195,0.083712896,0.030675741,0.012252017,0.287393832,0.114388638,20.1,15.8,27.5,16.3,61.2,,,3.5,,0.1836106,0.092969031,23.9476
Australia,922,0.931,,,65920,,,Men,27.61,600000,0.013825367,0.267687909,0.428622393,0.199991633,0.064637154,0.02156288,0.003672665,0.286191666,0.086200033,12.1,7.8,19.5,8.2,63.1,,,2.5,,0.190824683,0.067859691,12.4413
Australia,922,0.931,,,65920,,,Women,26.77,600000,0.051254702,0.34707125,0.304042961,0.157006416,0.078325273,0.044352366,0.017947032,0.279684055,0.122677639,12.1,7.8,19.5,8.2,63.1,,,2.5,,0.13013288,0.049962907,12.4413
Austria,1417,0.897,30.8,,50700,,,Men,26.58,200000,0.021753932,0.349471994,0.412180745,0.158645247,0.040148475,0.011461347,0.006338261,0.210255069,0.051609821,11,14.7,23.8,14.9,53,,,2.5,,0.262050028,0.053939754,6.1939
Austria,1417,0.897,30.8,,50700,,,Women,24.69,200000,0.065953227,0.435132984,0.289721229,0.121725493,0.041365264,0.017840604,0.028261199,0.180931361,0.059205868,11,14.7,23.8,14.9,53,,,2.5,,0.175490199,0.032357428,6.1939
Azerbaijan,757,0.752,,,7450,18,4.9,Men,25.96,200000,0.036655679,0.424642275,0.376362007,0.1209141,0.021717622,0.00511885,0.014589466,0.147750573,0.026836473,26.5,36.4,37.9,36.5,51.6,13,1.1,2.5,3.1,0.258943007,0.112312813,12.8489
Azerbaijan,757,0.752,,,7450,18,4.9,Women,27.81,200000,0.052574104,0.37899608,0.310769714,0.14567672,0.058086037,0.023481916,0.030415429,0.227244673,0.081567953,26.5,36.4,37.9,36.5,51.6,13,1.1,2.5,3.1,0.232842262,0.126788475,12.8489
Bahamas,298,0.807,,,27990,,,Men,27.03,,0.035777922,0.340330329,0.366309024,0.164215004,0.048874159,0.021446922,0.02304664,0.234536086,0.070321082,29,22.1,26.9,22.3,62.8,,,,,0.258565933,0.110672671,0.4769
Bahamas,298,0.807,,,27990,,,Women,28.82,,0.035306177,0.252369873,0.307121643,0.20144675,0.109069117,0.070342801,0.024343638,0.380858669,0.179411918,29,22.1,26.9,22.3,62.8,,,,,0.175372779,0.134613305,0.4769
Bangladesh,100,0.575,,<5,1010,38.7,35.1,Men,21.22,26400000,0.158884895,0.463543513,0.149409837,0.017943047,0.000884508,0.000300835,0.209033366,0.019128389,0.001185343,43.5,39.6,46.6,40,18.2,2.6,4.9,16.8,18.1,0.247959403,0.100716043,38.9058
Bangladesh,100,0.575,,<5,1010,38.7,35.1,Women,21.64,26400000,0.142855285,0.404343716,0.166487154,0.037448143,0.004909782,0.001764024,0.242191897,0.044121949,0.006673806,43.5,39.6,46.6,40,18.2,2.6,4.9,16.8,18.1,0.251962411,0.090924546,38.9058
Belarus,896,0.804,26.6,11.2,7010,,,Men,26.43,200000,0.02157998,0.34609919,0.411242903,0.165005633,0.039941102,0.008230854,0.00790034,0.213177588,0.048171955,24.1,20.7,23.3,20.8,58.1,,,2.5,,0.33725963,0.078951209,14.8356
Belarus,896,0.804,26.6,11.2,7010,,,Women,26.83,200000,0.047066456,0.358975457,0.307570334,0.172838785,0.066868765,0.026447388,0.020232815,0.266154938,0.093316153,24.1,20.7,23.3,20.8,58.1,,,2.5,,0.226264138,0.075155125,14.8356
Belgium,1384,0.908,27.7,,47500,,,Men,26.72,300000,0.011796998,0.301850083,0.458083509,0.181819984,0.035874911,0.007834762,0.002739753,0.225529657,0.043709673,10.8,13.6,22.5,13.9,58.6,,,2.5,,0.230571569,0.056573923,6.5252
Belgium,1384,0.908,27.7,,47500,,,Women,25.66,300000,0.055598107,0.403967155,0.311730615,0.147959583,0.044922845,0.019074089,0.016747605,0.211956517,0.063996934,10.8,13.6,22.5,13.9,58.6,,,2.5,,0.130928459,0.035056296,6.5252
Belize,379,0.705,,,4280,,,Men,27.36,100000,0.061302093,0.425878414,0.321645653,0.114193686,0.028472009,0.012759584,0.035748561,0.155425279,0.041231593,22.3,20.8,21.2,20.8,53,,,6.6,,0.246377329,0.098070413,6.465
Belize,379,0.705,,,4280,,,Women,30.39,100000,0.046831996,0.310277383,0.304357483,0.169219035,0.083492656,0.056745076,0.029076372,0.309456767,0.140237731,22.3,20.8,21.2,20.8,53,,,6.6,,0.211421241,0.148643494,6.465
Benin,265,0.5,,,890,,,Men,22.56,1000000,0.151485634,0.534961893,0.163016658,0.034378403,0.00516429,0.002542655,0.108450467,0.042085348,0.007706945,66.5,49.2,58.6,50.1,27.8,,,10.2,,0.277341778,0.072757039,19.991
Benin,265,0.5,,,890,,,Women,24.24,1000000,0.112255149,0.435850351,0.230794494,0.086361638,0.028041252,0.018638198,0.088058919,0.133041088,0.04667945,66.5,49.2,58.6,50.1,27.8,,,10.2,,0.284612721,0.068234277,19.991
Bermuda,293,,,,106140,,,Men,27.5,,0.026753343,0.297797941,0.376674663,0.188928464,0.063851714,0.028434524,0.017559352,0.281214702,0.092286237,,,,,,,,,,0.267817774,0.139724269,0.675
Bermuda,293,,,,106140,,,Women,29.24,,0.029785983,0.226285225,0.303390136,0.215428969,0.123196109,0.08207119,0.019842387,0.420696268,0.205267299,,,,,,,,,,0.177430524,0.151797388,0.675
Bolivia (Plurinational State of),-106,0.668,47.6,<5,2620,,,Men,25.1,2200000,0.040191271,0.429015404,0.37989132,0.118059655,0.014437675,0.00398266,0.014422014,0.13647999,0.018420334,49.2,29.3,36.3,29.8,54.3,,,21.4,,0.199784743,0.06807504,10.83
Bolivia (Plurinational State of),-106,0.668,47.6,<5,2620,,,Women,27.53,2200000,0.035677501,0.353196071,0.347720349,0.1702327,0.05871792,0.020759576,0.013695883,0.249710195,0.079477496,49.2,29.3,36.3,29.8,54.3,,,21.4,,0.165936877,0.087659021,10.83
Bosnia and Herzegovina,801,0.747,,13.4,5180,,,Men,26.26,100000,0.021239387,0.377477176,0.43282582,0.13852822,0.020622354,0.004655926,0.004651117,0.1638065,0.02527828,26.4,27.5,29.2,27.5,51.7,,,2.5,,0.337088414,0.078916006,7.9711
Bosnia and Herzegovina,801,0.747,,13.4,5180,,,Women,25.19,100000,0.067114762,0.436068302,0.290238795,0.12982089,0.039146104,0.013237684,0.024373464,0.182204678,0.052383788,26.4,27.5,29.2,27.5,51.7,,,2.5,,0.27756871,0.068882838,7.9711
Botswana,-30,0.693,,<5,7480,,,Men,22.5,500000,0.121569715,0.465406556,0.215563643,0.059553841,0.009962329,0.005646348,0.122297567,0.075162518,0.015608677,40.9,29.1,33.7,29.3,41.9,,,24.9,,0.295379156,0.073810254,25.2186
Botswana,-30,0.693,,<5,7480,,,Women,26.2,500000,0.063922611,0.304926112,0.276235587,0.178009778,0.068747806,0.043756564,0.064401543,0.290514148,0.112504369,40.9,29.1,33.7,29.3,41.9,,,24.9,,0.299437059,0.092993277,25.2186
Brazil,909,0.748,52.8,<5,12730,,,Men,26.08,5100000,0.038635336,0.370309549,0.394721578,0.14032418,0.029202447,0.006834368,0.019972542,0.176360995,0.036036815,23.1,25.1,37.4,25.5,54.6,,,2.5,,0.273793864,0.077067393,23.111
Brazil,909,0.748,52.8,<5,12730,,,Women,26.65,5100000,0.054831739,0.355695655,0.306872905,0.157420304,0.068864059,0.022719487,0.033595851,0.249003851,0.091583546,23.1,25.1,37.4,25.5,54.6,,,2.5,,0.207713955,0.085298988,23.111
Brunei Darussalam,624,0.853,,,45180,,,Men,26.87,100000,0.085023398,0.457470204,0.280971386,0.087905812,0.018454304,0.005922933,0.064251963,0.112283049,0.024377237,14.3,14,25.9,14.4,38.7,,,2.7,,0.224877864,0.091913113,0.7916
Brunei Darussalam,624,0.853,,,45180,,,Women,26.98,100000,0.096649288,0.431074119,0.259254601,0.102874115,0.035234893,0.011395479,0.063517504,0.149504488,0.046630372,14.3,14,25.9,14.4,38.7,,,2.7,,0.161594359,0.097231769,0.7916
Bulgaria,473,0.792,36.6,19.9,7590,,,Men,27.01,300000,0.014456994,0.292572415,0.443174454,0.194074666,0.042767807,0.0094634,0.003490262,0.246305874,0.052231208,25.6,24.5,27.2,24.5,60.3,,,4.4,,0.34062173,0.082512347,6.6888
Bulgaria,473,0.792,36.6,19.9,7590,,,Women,25.77,300000,0.051639643,0.378590251,0.307899355,0.165489211,0.057477934,0.020281167,0.01862244,0.243248311,0.0777591,25.6,24.5,27.2,24.5,60.3,,,4.4,,0.236154489,0.068174383,6.6888
Burkina Faso,364,0.401,,35.6,690,31.3,20.9,Men,22.08,3500000,0.177289189,0.56087935,0.130205164,0.019029879,0.001725787,0.001154765,0.109715866,0.021910431,0.002880552,87,49.1,58.1,50.1,21.3,0.8,1.6,20.2,8.1,0.315602865,0.071959521,49.1339
Burkina Faso,364,0.401,,35.6,690,31.3,20.9,Women,21.97,3500000,0.136462513,0.453330776,0.206449147,0.053089202,0.01182653,0.00720974,0.131632092,0.072125472,0.01903627,87,49.1,58.1,50.1,21.3,0.8,1.6,20.2,8.1,0.332418201,0.053480587,49.1339
Cabo Verde,240,0.642,,,3440,,,Men,23.68,100000,0.123476941,0.523299182,0.202968572,0.050711555,0.007653208,0.003538497,0.088352046,0.061903259,0.011191705,54.5,30.9,42.9,31.5,32.9,,,14,,0.312095882,0.089656432,43.4322
Cabo Verde,240,0.642,,,3440,,,Women,25.23,100000,0.100536592,0.419964756,0.252519998,0.105890147,0.031878078,0.017270033,0.071940396,0.155038258,0.049148111,54.5,30.9,42.9,31.5,32.9,,,14,,0.287571778,0.079251158,43.4322
Cambodia,119,0.56,,12.6,970,,,Men,21.85,2800000,0.168145726,0.521207042,0.152453328,0.021174298,0.001525804,0.000375841,0.135117961,0.023075943,0.001901645,55.3,45.5,54.9,46,19.9,,,18.8,,0.260832714,0.072316078,38.6978
Cambodia,119,0.56,,12.6,970,,,Women,22.03,2800000,0.145039833,0.475693264,0.18891319,0.035069098,0.006304116,0.001580033,0.147400467,0.042953246,0.007884149,55.3,45.5,54.9,46,19.9,,,18.8,,0.252978397,0.067823124,38.6978
Cameroon,314,0.535,,21.5,1450,,,Men,23.54,1600000,0.13640375,0.544526934,0.188979089,0.044916385,0.006127955,0.003888217,0.075157669,0.054932558,0.010016172,62.9,40.5,49.8,41.4,31.7,,,7.4,,0.255432124,0.064516575,7.4838
Cameroon,314,0.535,,21.5,1450,,,Women,24.99,1600000,0.093665534,0.434476246,0.252817661,0.101077364,0.034545251,0.019654,0.063763945,0.155276614,0.05419925,62.9,40.5,49.8,41.4,31.7,,,7.4,,0.251765087,0.067006415,7.4838
Canada,1139,0.911,34,,52620,,,Men,27.43,900000,0.01407172,0.278631094,0.417541965,0.196119078,0.064105019,0.025492941,0.004038183,0.285717038,0.08959796,8.5,8.4,16.8,8.6,62.7,,,2.5,,0.164426574,0.062198648,6.2403
Canada,1139,0.911,34,,52620,,,Women,26.67,900000,0.046910872,0.348080516,0.297936179,0.163124421,0.076957052,0.04791947,0.01907149,0.288000943,0.124876522,8.5,8.4,16.8,8.6,62.7,,,2.5,,0.113371994,0.047523639,6.2403
Central African Republic,-474,0.344,,24.9,330,,,Men,21.91,2100000,0.175281416,0.469324013,0.144413584,0.028165642,0.004206971,0.00069233,0.177916043,0.033064943,0.004899301,73.1,45.4,53,46,24.6,,,46.9,,0.314535009,0.077637755,47.7187
Central African Republic,-474,0.344,,24.9,330,,,Women,23.45,2100000,0.125268036,0.425111827,0.222146269,0.073036166,0.022549113,0.006246737,0.125641853,0.101832015,0.02879585,73.1,45.4,53,46,24.6,,,46.9,,0.308530089,0.073807556,47.7187
Chad,-244,0.397,,<5,980,,,Men,21.95,4900000,0.173061299,0.537350028,0.128052003,0.02206787,0.002693648,0.002759316,0.134015837,0.027520833,0.005452963,74.4,47,53,47.8,21.6,,,37.1,,0.317380251,0.077021493,38.0634
Chad,-244,0.397,,<5,980,,,Women,21.81,4900000,0.128210772,0.447192939,0.206369703,0.058316934,0.016653264,0.007245368,0.13601102,0.082215566,0.023898632,74.4,47,53,47.8,21.6,,,37.1,,0.334158284,0.059758215,38.0634
Chile,627,0.828,47.3,5.4,15370,1.8,0.5,Men,27.68,600000,0.019467093,0.330541184,0.405006861,0.1883915,0.043138385,0.009915042,0.003539936,0.241444927,0.053053427,18.6,11.8,25,12.2,61.5,10.1,,3.7,0.3,0.259635387,0.099930133,10.6709
Chile,627,0.828,47.3,5.4,15370,1.8,0.5,Women,28.1,600000,0.034732123,0.33695803,0.31125221,0.188459663,0.081761103,0.036910584,0.009926287,0.30713135,0.118671687,18.6,11.8,25,12.2,61.5,10.1,,3.7,0.3,0.172577882,0.106445062,10.6709
China,758,0.729,39.7,5.3,6800,8.1,2.4,Men,23.84,137300000,0.094750762,0.535140491,0.27651811,0.045752592,0.003293555,0.00079223,0.04375226,0.049838377,0.004085785,17.6,21.7,28.6,21.9,30,,,9.7,1.9,0.218046343,0.096073741,6.4759
China,758,0.729,39.7,5.3,6800,8.1,2.4,Women,23.39,137300000,0.111078021,0.530629449,0.233941879,0.0522286,0.006374146,0.00121305,0.064534856,0.059815795,0.007587195,17.6,21.7,28.6,21.9,30,,,9.7,1.9,0.172488127,0.075512017,6.4759
"China, Hong Kong SAR",933,0.915,,,38570,,,Men,24.42,200000,0.056202388,0.453063316,0.349526658,0.092692749,0.008959885,0.002350995,0.037204009,0.104003629,0.01131088,,,,,,,,2.5,,0.256178346,0.091606931,0.1023
"China, Hong Kong SAR",933,0.915,,,38570,,,Women,23.77,200000,0.08708235,0.470270519,0.271539816,0.088412085,0.012278312,0.002549841,0.067867076,0.103240238,0.014828153,,,,,,,,2.5,,0.146688991,0.058807999,0.1023
"China, Taiwan Province of",641,,,,,,,Men,24.8,,0.072268209,0.511206711,0.319835946,0.058604768,0.003776778,0.000959791,0.033347797,0.063341337,0.004736569,,,,,,,,,,0.201084071,0.078833653,1.379
"China, Taiwan Province of",641,,,,,,,Women,23.56,,0.099912134,0.501044954,0.254083862,0.070009641,0.008639135,0.001234017,0.065076258,0.079882793,0.009873152,,,,,,,,,,0.137514039,0.059667674,1.379
Colombia,445,0.735,52.8,29.5,7750,,,Men,25.65,4200000,0.036679343,0.382209359,0.395905261,0.135786893,0.025971681,0.005908572,0.01753889,0.167667147,0.031880254,27.5,21.5,27.8,21.7,57.4,,,8.9,,0.219051925,0.081913406,17.7422
Colombia,445,0.735,52.8,29.5,7750,,,Women,26.56,4200000,0.040449329,0.318493083,0.353342103,0.184848143,0.058132965,0.019320082,0.025414294,0.262301191,0.077453048,27.5,21.5,27.8,21.7,57.4,,,8.9,,0.174592066,0.086150522,17.7422
Congo,-152,0.582,,<5,2430,,,Men,22.24,1800000,0.155125855,0.459063553,0.183640852,0.041071323,0.007514474,0.000869358,0.152714584,0.049455155,0.008383832,64.7,52.7,58.6,53.2,29.1,,,38.7,,0.27822872,0.075351302,6.0214
Congo,-152,0.582,,<5,2430,,,Women,23.99,1800000,0.112845246,0.403199247,0.240258078,0.092764497,0.027042014,0.008580245,0.115310673,0.128386756,0.035622259,64.7,52.7,58.6,53.2,29.1,,,38.7,,0.253631194,0.074424571,6.0214
Costa Rica,487,0.776,49.3,<5,9810,,,Men,26.7,300000,0.033214342,0.365484561,0.393475246,0.148525519,0.031854083,0.0152714,0.012174849,0.195651003,0.047125484,28.1,13.1,23.5,13.5,59.2,,,5.5,,0.214938,0.087246869,28.6851
Costa Rica,487,0.776,49.3,<5,9810,,,Women,27.81,300000,0.03849456,0.308574594,0.335909672,0.185630509,0.069810369,0.038716445,0.022863852,0.294157322,0.108526814,28.1,13.1,23.5,13.5,59.2,,,5.5,,0.169468065,0.087787539,28.6851
Côte d'Ivoire,443,0.462,,19.5,1330,,,Men,23.36,4700000,0.134762726,0.545252927,0.184243734,0.041765197,0.005717338,0.0040131,0.084244979,0.051495634,0.009730438,74,51.2,59.3,52,29.6,,,21.4,,0.283090441,0.071895034,17.0723
Côte d'Ivoire,443,0.462,,19.5,1330,,,Women,24.09,4700000,0.105684859,0.431015604,0.243631818,0.098628478,0.027354059,0.016568023,0.077117158,0.14255056,0.043922082,74,51.2,59.3,52,29.6,,,21.4,,0.272088769,0.061868494,17.0723
Croatia,703,0.821,32,<5,13560,,,Men,27.83,100000,0.015342816,0.319010982,0.430721004,0.182142948,0.039292497,0.009976422,0.00351333,0.231411868,0.049268919,25.5,25.4,28.1,25.5,58,,,2.5,,0.381410417,0.081583835,8.6838
Croatia,703,0.821,32,<5,13560,,,Women,26.67,100000,0.054103978,0.393336446,0.290978109,0.155693626,0.05819231,0.029418955,0.018276576,0.243304891,0.087611265,25.5,25.4,28.1,25.5,58,,,2.5,,0.266509415,0.062433858,8.6838
Cuba,1049,0.765,,15.7,6570,,,Men,25.13,300000,0.048678002,0.367742177,0.361259481,0.13008693,0.033451578,0.015800218,0.042981613,0.179338726,0.049251796,28.9,24.1,27.9,24.2,56.8,,,2.5,,0.214312191,0.071952042,17.9934
Cuba,1049,0.765,,15.7,6570,,,Women,26.03,300000,0.044921813,0.279638416,0.328420073,0.178033781,0.081241715,0.042394994,0.045349208,0.30167049,0.123636709,28.9,24.1,27.9,24.2,56.8,,,2.5,,0.175176527,0.09419713,17.9934
Cyprus,282,0.853,37,,27220,,,Men,27.67,100000,0.017235403,0.32065767,0.445607385,0.16444357,0.037361283,0.010708512,0.003986178,0.212513365,0.048069795,15.5,22.1,28.4,22.2,58,,,4.4,,0.246644949,0.082072536,4.7209
Cyprus,282,0.853,37,,27220,,,Women,26.24,100000,0.047855937,0.402530347,0.314398171,0.146374467,0.053356771,0.018048632,0.017435675,0.21777987,0.071405403,15.5,22.1,28.4,22.2,58,,,4.4,,0.161077919,0.056580406,4.7209
Czechia,894,0.874,26.5,,19270,,,Men,27.94,300000,0.012097788,0.28582191,0.441543293,0.202727626,0.044198808,0.011405379,0.002205197,0.258331813,0.055604187,24.5,23.7,25.7,23.7,61.3,,,2.5,,0.349298683,0.083436897,3.8732
Czechia,894,0.874,26.5,,19270,,,Men,27.94,300000,0.012097788,0.28582191,0.441543293,0.202727626,0.044198808,0.011405379,0.002205197,0.258331813,0.055604187,24.5,23.7,25.7,23.7,61.3,,,2.5,,0.278003113,0.083436897,3.8732
Czechia,894,0.874,26.5,,19270,,,Women,26.38,300000,0.049035863,0.375294695,0.302576736,0.167610228,0.066292039,0.023609743,0.015580696,0.257512011,0.089901783,24.5,23.7,25.7,23.7,61.3,,,2.5,,0.216899775,0.065896275,3.8732
Czechia,894,0.874,26.5,,19270,,,Women,26.38,300000,0.049035863,0.375294695,0.302576736,0.167610228,0.066292039,0.023609743,0.015580696,0.257512011,0.089901783,24.5,23.7,25.7,23.7,61.3,,,2.5,,0.233039118,0.065896275,3.8732
Democratic People's Republic of Korea,-260,,,,,,,Men,24.04,10400000,0.089360639,0.527105855,0.27586513,0.05051489,0.003976336,0.00101378,0.052163369,0.055505007,0.004990117,29,30.3,35.9,30.4,31,,,41.7,,0.19276642,0.056579192,4.5097
Democratic People's Republic of Korea,-260,,,,,,,Women,23.87,10400000,0.10517376,0.508983362,0.236423991,0.060740546,0.007945368,0.001517475,0.079215498,0.070203389,0.009462843,29,30.3,35.9,30.4,31,,,41.7,,0.171522532,0.058823414,4.5097
Denmark,1013,0.931,28.5,,63200,,,Men,26.26,100000,0.019489898,0.333909424,0.425626406,0.161009402,0.041918148,0.01231535,0.005731373,0.215242899,0.054233498,10.9,13.7,21.8,13.9,54.3,,,2.5,,0.278956848,0.053647445,14.709
Denmark,1013,0.931,28.5,,63200,,,Women,24.56,100000,0.063136492,0.427970685,0.309392835,0.115485425,0.039372658,0.014510176,0.030131729,0.169368258,0.053882833,10.9,13.7,21.8,13.9,54.3,,,2.5,,0.156374792,0.033061344,14.709
Djibouti,251,0.463,44.1,7,,,,Men,23.43,200000,0.105699901,0.483083053,0.240532529,0.067500326,0.010499349,0.003523088,0.089161755,0.081522762,0.014022436,42.9,30.7,37.4,31.1,37.2,,,19.3,,0.286139685,0.086147828,23.1948
Djibouti,251,0.463,44.1,7,,,,Women,24.66,200000,0.090294954,0.390122056,0.267173399,0.122628306,0.039469262,0.017941552,0.072370471,0.18003912,0.057410814,42.9,30.7,37.4,31.1,37.2,,,19.3,,0.26182604,0.075675578,23.1948
Dominica,575,0.721,,,6610,,,Men,24.83,100000,0.049396442,0.379502048,0.352384515,0.142741249,0.031973193,0.013261002,0.03074155,0.187975444,0.045234195,32.3,23.2,28.8,23.4,58.4,,,6,,0.261840563,0.083302488,10.6423
Dominica,575,0.721,,,6610,,,Women,28.92,100000,0.040744578,0.271789504,0.308243752,0.190559982,0.10062142,0.060419038,0.027621726,0.35160044,0.161040458,32.3,23.2,28.8,23.4,58.4,,,6,,0.199657219,0.133129627,10.6423
Dominican Republic,248,0.713,47.7,7.9,5890,7.1,4,Men,25.48,1300000,0.044579915,0.370499019,0.361675763,0.143549326,0.036636363,0.012446923,0.030612691,0.192632612,0.049083286,27.5,29,32.3,29.2,58.5,7.6,0.8,12.7,2.4,0.244173169,0.085358808,23.212
Dominican Republic,248,0.713,47.7,7.9,5890,7.1,4,Women,27.25,1300000,0.041823481,0.273604831,0.319554709,0.190850588,0.092114032,0.048791312,0.033261048,0.331755932,0.140905344,27.5,29,32.3,29.2,58.5,7.6,0.8,12.7,2.4,0.198722664,0.11222744,23.212
Ecuador,-11,0.734,46.9,<5,5830,,,Men,26.4,1300000,0.037180459,0.430988435,0.381586214,0.119468546,0.016997993,0.004378194,0.009400158,0.140844734,0.021376187,28.7,17.8,26.2,18.2,54.3,,,8.2,,0.199355571,0.072885306,16.147
Ecuador,-11,0.734,46.9,<5,5830,,,Women,27.66,1300000,0.035476781,0.359283785,0.350403352,0.171139231,0.053672904,0.017074422,0.012949526,0.241886557,0.070747325,28.7,17.8,26.2,18.2,54.3,,,8.2,,0.163873738,0.082877743,16.147
Egypt,1163,0.68,,6.2,2990,,,Men,27.64,3900000,0.038766131,0.376252927,0.354115148,0.154680849,0.043970909,0.015185813,0.017028224,0.21383757,0.059156722,33.6,29.2,24,28.9,61.5,,,4.4,,0.250137853,0.155339029,10.9861
Egypt,1163,0.68,,6.2,2990,,,Women,31.18,3900000,0.026581098,0.267532346,0.29173109,0.226968709,0.111707796,0.064850996,0.010627966,0.4035275,0.176558792,33.6,29.2,24,28.9,61.5,,,4.4,,0.253657432,0.192589569,10.9861
El Salvador,217,0.671,43.4,33.8,3360,,,Men,26.75,700000,0.032609589,0.386700689,0.387055947,0.141229111,0.027163008,0.009973296,0.015268361,0.178365414,0.037136303,28.3,19.2,26.8,19.5,58,,,11.8,,0.207590334,0.092103125,24.6653
El Salvador,217,0.671,43.4,33.8,3360,,,Women,28.17,700000,0.039188742,0.317275262,0.33989047,0.188791262,0.069248694,0.024359025,0.021246545,0.282398981,0.093607719,28.3,19.2,26.8,19.5,58,,,11.8,,0.176563258,0.105002873,24.6653
Estonia,895,0.862,35.1,24.4,18280,,,Men,26.91,100000,0.021009629,0.374598392,0.400266936,0.155989681,0.033300518,0.009089029,0.005745817,0.198379228,0.042389547,24.4,23.7,24.7,23.7,54.8,,,2.9,,0.347451981,0.076115804,8.0936
Estonia,895,0.862,35.1,24.4,18280,,,Women,25.97,100000,0.054205576,0.392058883,0.309645612,0.147508253,0.054580147,0.020117517,0.021884012,0.222205917,0.074697665,24.4,23.7,24.7,23.7,54.8,,,2.9,,0.214994681,0.065079867,8.0936
Eswatini,-34,0.572,,5.9,4010,,,Men,24.37,300000,0.156636325,0.527115886,0.168665761,0.038845432,0.006190288,0.003762216,0.098784092,0.048797936,0.009952504,41.9,26.2,30.4,26.5,36.8,,,21.5,,0.282497646,0.076500562,34.4026
Eswatini,-34,0.572,,5.9,4010,,,Women,28.91,300000,0.071957865,0.354326649,0.267163619,0.156057631,0.06033182,0.037469755,0.052692662,0.253859205,0.097801574,41.9,26.2,30.4,26.5,36.8,,,21.5,,0.307099938,0.110224986,34.4026
Ethiopia,-224,0.438,,,,,,Men,20.06,,0.183992376,0.512498924,0.113956158,0.015076813,0.00105669,0.000396816,0.173022222,0.01653032,0.001453507,,,,,,,,,,0.285637078,0.056638079,60.5508
Ethiopia,-224,0.438,,<5,470,,,Men,20.06,25500000,0.183992376,0.512498924,0.113956158,0.015076813,0.00105669,0.000396816,0.173022222,0.01653032,0.001453507,50.4,21.5,24.6,21.8,19.4,,,26.9,,0.285637078,0.056638079,60.5508
Ethiopia,-224,0.438,,,,,,Women,20.91,,0.134129353,0.447649164,0.206591743,0.050145355,0.009099431,0.003129526,0.149255428,0.062374312,0.012228957,,,,,,,,,,0.312103973,0.049144417,60.5508
Ethiopia,-224,0.438,,<5,470,,,Women,20.91,25500000,0.134129353,0.447649164,0.206591743,0.050145355,0.009099431,0.003129526,0.149255428,0.062374312,0.012228957,50.4,21.5,24.6,21.8,19.4,,,26.9,,0.312103973,0.049144417,60.5508
Fiji,590,0.727,36.7,6.1,4640,,,Men,26.48,100000,0.023663291,0.363340903,0.356851187,0.181905877,0.040631223,0.01623457,0.017372949,0.238771671,0.056865793,38.5,29.3,38.9,29.8,62,,,4.4,,0.225723119,0.155547353,21.622
Fiji,590,0.727,36.7,6.1,4640,,,Women,28.77,100000,0.028348005,0.27497856,0.32979113,0.216121067,0.090176549,0.042297193,0.018287496,0.348594809,0.132473742,38.5,29.3,38.9,29.8,62,,,4.4,,0.20988597,0.184962012,21.622
Finland,998,0.912,27.2,,49220,,,Men,26.57,100000,0.012965207,0.322173658,0.431847799,0.174675136,0.045250484,0.011048288,0.002039427,0.230973909,0.056298772,11,13.4,21.1,13.6,56.9,,,2.5,,0.249949129,0.064210798,5.3056
Finland,998,0.912,27.2,,49220,,,Women,25.68,100000,0.057131609,0.420271961,0.301044463,0.137991872,0.048441216,0.019831426,0.015287453,0.206264515,0.068272642,11,13.4,21.1,13.6,56.9,,,2.5,,0.154808203,0.043266898,5.3056
France,1129,0.889,32.5,,43780,,,Men,26.02,1600000,0.016041046,0.306284373,0.459728969,0.169450857,0.036226136,0.007769086,0.004499533,0.213446079,0.043995222,11.1,15.1,24.2,15.4,58.2,,,2.5,,0.289715943,0.074033924,12.7284
France,1129,0.889,32.5,,43780,,,Women,24.41,1600000,0.052887795,0.391791155,0.31562838,0.137863967,0.056245273,0.017099797,0.028483633,0.211209037,0.07334507,11.1,15.1,24.2,15.4,58.2,,,2.5,,0.173442516,0.044137034,12.7284
French Polynesia,551,,,,,,,Men,29.59,100000,0.005150937,0.182647711,0.34141467,0.259277708,0.129022514,0.081132304,0.001354156,0.469432526,0.210154818,,,,,,,,4.2,,0.29291863,0.221269376,4.9394
French Polynesia,551,,,,,,,Women,29.54,100000,0.011561566,0.137929107,0.285575475,0.259210981,0.165570287,0.131670484,0.0084821,0.556451752,0.297240771,,,,,,,,4.2,,0.233238173,0.190124316,4.9394
Gabon,460,0.687,,13.6,9330,,,Men,23.98,200000,0.116661833,0.440266313,0.240825556,0.071788498,0.014985088,0.002776798,0.112695914,0.089550384,0.017761886,62.5,58.2,60.8,58.4,38.5,,,9,,0.283946964,0.098392547,3.8511
Gabon,460,0.687,,13.6,9330,,,Women,26.35,200000,0.090479913,0.377474026,0.265945118,0.126911775,0.057412173,0.014730238,0.067046756,0.199054187,0.072142411,62.5,58.2,60.8,58.4,38.5,,,9,,0.236906236,0.097832757,3.8511
Gambia,267,0.453,,,570,25,16.4,Men,23.22,200000,0.1358701,0.522469926,0.185249264,0.040848355,0.006193659,0.002852431,0.106516265,0.049894445,0.00904609,76,56.5,62.1,57.2,29.8,3.2,4.3,9.7,11.1,0.301784871,0.091704285,62.1137
Gambia,267,0.453,,,570,25,16.4,Women,24.39,200000,0.104702705,0.417959189,0.241536159,0.094387356,0.028453931,0.016411558,0.096549103,0.139252844,0.044865489,76,56.5,62.1,57.2,29.8,3.2,4.3,9.7,11.1,0.291648735,0.077375567,62.1137
Georgia,546,0.757,38.6,7.8,4300,,,Men,27.28,300000,0.038229472,0.406499094,0.361657702,0.134535367,0.035195062,0.009273691,0.014609612,0.17900412,0.044468753,22.6,25.9,28.3,26,52.1,,,7.6,,0.286237407,0.127804449,17.1416
Georgia,546,0.757,38.6,7.8,4300,,,Women,27.5,300000,0.056154261,0.376088387,0.30403084,0.145652047,0.054115149,0.029238202,0.034721115,0.229005397,0.08335335,22.6,25.9,28.3,26,52.1,,,7.6,,0.239021063,0.116783745,17.1416
Germany,1150,0.928,31.1,,47410,,,Men,27.36,2000000,0.014613788,0.326762557,0.421467119,0.178204813,0.043221293,0.012647028,0.003083402,0.234073134,0.055868321,10.8,13.7,22.4,13.9,55.7,,,2.5,,0.254956299,0.059796695,6.2117
Germany,1150,0.928,31.1,,47410,,,Women,25.9,2000000,0.060284492,0.431095165,0.287373995,0.138656565,0.046339727,0.018703013,0.017547042,0.203699305,0.06504274,10.8,13.7,22.4,13.9,55.7,,,2.5,,0.163810614,0.039067414,6.2117
Ghana,661,0.577,,15.6,1890,,,Men,22.59,1700000,0.144654592,0.53493846,0.173053861,0.033306777,0.00491355,0.002510778,0.106621982,0.040731106,0.007424328,68.8,47.1,56.1,47.8,30.2,,,6.3,,0.252583804,0.063341439,29.1894
Ghana,661,0.577,,15.6,1890,,,Women,25.06,1700000,0.101748537,0.424837173,0.244375779,0.102865377,0.032414376,0.022062814,0.071695945,0.157342567,0.05447719,68.8,47.1,56.1,47.8,30.2,,,6.3,,0.233458033,0.064785439,29.1894
Greece,1025,0.856,36.1,,22540,,,Men,27.58,300000,0.013360685,0.297574279,0.452912357,0.178253949,0.04194966,0.012874739,0.003074331,0.233078348,0.054824399,12,13.3,22.7,13.6,61,,,2.5,,0.234461185,0.071936049,7.2139
Greece,1025,0.856,36.1,,22540,,,Women,26.96,300000,0.041668996,0.379486335,0.31194971,0.166361936,0.066216657,0.023267387,0.011048978,0.255845981,0.089484045,12,13.3,22.7,13.6,61,,,2.5,,0.160663932,0.059997254,7.2139
Grenada,87,0.754,,,7510,,,Men,25.01,,0.071171842,0.454224754,0.306546509,0.098443257,0.019511688,0.006075078,0.044026873,0.124030022,0.025586766,33.8,22.4,27,22.6,49.4,,,,,0.267847944,0.085830386,2.0341
Grenada,87,0.754,,,7510,,,Women,28.6,,0.052210481,0.32753705,0.303766386,0.159301994,0.076425327,0.046394162,0.0343646,0.282121483,0.122819489,33.8,22.4,27,22.6,49.4,,,,,0.216455455,0.12890784,2.0341
Guatemala,59,0.616,,14.3,3320,,,Men,25.59,2600000,0.042993487,0.431917646,0.367710869,0.115774103,0.020355043,0.004649776,0.016599077,0.140778921,0.025004819,38.6,16.4,24.5,16.9,53.9,,,16.6,,0.22116861,0.08792796,20.0572
Guatemala,59,0.616,,14.3,3320,,,Women,27.17,2600000,0.041780813,0.344502616,0.340080117,0.172877503,0.06001802,0.022565213,0.018175719,0.255460736,0.082583233,38.6,16.4,24.5,16.9,53.9,,,16.6,,0.206726566,0.101630171,20.0572
Guinea,213,0.435,,13.7,660,,,Men,22.36,1900000,0.159660518,0.54180751,0.148176569,0.027059474,0.003647444,0.002135723,0.117512761,0.032842641,0.005783167,75.1,49.5,62.1,50.7,24.9,,,16.8,,0.290842775,0.065843861,33.2913
Guinea,213,0.435,,13.7,660,,,Women,23.26,1900000,0.118995908,0.445088795,0.226006379,0.074317511,0.021411497,0.010626428,0.103553482,0.106355436,0.032037925,75.1,49.5,62.1,50.7,24.9,,,16.8,,0.313345684,0.059081021,33.2913
Guyana,405,0.645,,23,3890,,,Men,24.9,100000,0.078687853,0.462432853,0.290481318,0.086475151,0.018973627,0.010280654,0.052668545,0.115729431,0.02925428,38.7,32.9,29.5,32.7,47.3,,,8.7,,0.244036361,0.087957947,13.183
Guyana,405,0.645,,23,3890,,,Women,27.55,100000,0.056440695,0.336317673,0.300644736,0.152031278,0.072278823,0.036617159,0.045669636,0.26092726,0.108895982,38.7,32.9,29.5,32.7,47.3,,,8.7,,0.21309085,0.122147738,13.183
Haiti,-265,0.486,,6,800,,,Men,26.24,5200000,0.057527814,0.415520126,0.331161394,0.118868915,0.02852455,0.012224084,0.036173118,0.159617549,0.040748634,59.4,45.7,50.2,46,51.8,,,49.6,,0.255490075,0.083582307,44.6598
Haiti,-265,0.486,,6,800,,,Women,24.04,5200000,0.055147634,0.319186527,0.31875664,0.157026129,0.070040003,0.029002823,0.050840244,0.256068955,0.099042826,59.4,45.7,50.2,46,51.8,,,49.6,,0.242956737,0.085274701,44.6598
Honduras,279,0.6,52.6,17.8,2040,,,Men,25.76,1300000,0.048502622,0.418804165,0.365136713,0.118139899,0.02114667,0.005860931,0.022408999,0.1451475,0.027007601,31.7,16.2,20.5,16.4,53.5,,,15.4,,0.226955816,0.083119819,12.8598
Honduras,279,0.6,52.6,17.8,2040,,,Women,27.38,1300000,0.044654063,0.337903407,0.332266582,0.172026104,0.061351587,0.025346835,0.026451422,0.258724526,0.086698423,31.7,16.2,20.5,16.4,53.5,,,15.4,,0.205621768,0.097077275,12.8598
Hungary,681,0.835,31.5,,13480,,,Men,28.03,200000,0.014171607,0.286037186,0.423645768,0.206235952,0.048580974,0.016856143,0.004472371,0.271673068,0.065437116,25.1,23.9,26.5,24,60,,,2.5,,0.369079549,0.087729555,8.6617
Hungary,681,0.835,31.5,,13480,,,Women,26.45,200000,0.054281678,0.375914607,0.298176119,0.163816333,0.060477815,0.021271458,0.02606199,0.245565605,0.081749273,25.1,23.9,26.5,24,60,,,2.5,,0.247343277,0.066221951,8.6617
Iceland,1025,0.92,25.4,,46960,,,Men,27.03,100000,0.013690766,0.302860785,0.445895336,0.171013183,0.048241045,0.015254556,0.00304433,0.234508784,0.063495601,10.7,13.4,21.2,13.7,58.1,,,2.5,,0.271816517,0.076473045,8.2832
Iceland,1025,0.92,25.4,,46960,,,Women,25.52,100000,0.054654359,0.41531225,0.317199937,0.133770365,0.047160268,0.014328657,0.017574163,0.195259291,0.061488925,10.7,13.4,21.2,13.7,58.1,,,2.5,,0.137200209,0.041914323,8.2832
India,101,0.607,,10.3,1520,,,Men,21.59,213100000,0.157427565,0.436403659,0.144686849,0.021334319,0.001669858,0.000676427,0.237801322,0.023680605,0.002346286,58.5,51.2,50.6,51.2,18,,,16.7,,0.265200464,0.089736983,22.996
India,101,0.607,,10.3,1520,,,Women,21.78,213100000,0.143949575,0.4002641,0.161264926,0.037155116,0.007167806,0.001687914,0.248510562,0.046010836,0.00885572,58.5,51.2,50.6,51.2,18,,,16.7,,0.247142392,0.082734407,22.996
Indonesia,423,0.681,39.9,<5,3730,36.4,19.9,Men,22.29,19100000,0.146226372,0.482701148,0.192025828,0.036004859,0.003007479,0.001064086,0.138970228,0.040076424,0.004071565,34.8,26,38.1,26.5,25.7,11.5,6.7,7.6,13.5,0.245869913,0.073227889,10.9472
Indonesia,423,0.681,39.9,<5,3730,36.4,19.9,Women,23.57,19100000,0.121934267,0.444991364,0.219583256,0.066021283,0.011523732,0.002984069,0.132962029,0.080529084,0.014507801,34.8,26,38.1,26.5,25.7,11.5,6.7,7.6,13.5,0.234520976,0.079182401,10.9472
Iran (Islamic Republic of),736,0.784,37.4,12.7,6950,,,Men,25.23,4200000,0.049839512,0.346450037,0.389691654,0.148732907,0.025807097,0.00531894,0.034159854,0.179858943,0.031126036,29.4,28.1,31.8,28.2,59.5,,,5.4,,0.211589328,0.110826835,6.8394
Iran (Islamic Republic of),736,0.784,37.4,12.7,6950,,,Women,27.07,4200000,0.039320945,0.267229912,0.339981485,0.221486892,0.072232774,0.022999845,0.036748147,0.316719512,0.09523262,29.4,28.1,31.8,28.2,59.5,,,5.4,,0.198540697,0.125171904,6.8394
Iraq,188,0.666,,<5,6860,,,Men,27.58,9300000,0.03395903,0.335205418,0.385589124,0.169550388,0.042525019,0.011151262,0.022019759,0.22322667,0.053676282,24.9,28.3,33.5,28.7,62.9,,,27.4,,0.26014186,0.167169139,4.0247
Iraq,188,0.666,,<5,6860,,,Women,29.56,9300000,0.031502353,0.262322606,0.318833407,0.24130918,0.085184085,0.039676489,0.021171879,0.366169755,0.124860575,24.9,28.3,33.5,28.7,62.9,,,27.4,,0.251563055,0.17029362,4.0247
Ireland,1249,0.911,33.5,,43530,,,Men,27.94,100000,0.016012993,0.315470462,0.425426397,0.182581994,0.039578823,0.016877629,0.004051703,0.239038446,0.056456452,10.9,12.3,20.5,12.7,58.9,,,2.5,,0.241867578,0.072623105,28.5301
Ireland,1249,0.911,33.5,,43530,,,Women,27.03,100000,0.047159214,0.391040192,0.302132307,0.153727018,0.059710437,0.033391683,0.01283915,0.246829138,0.09310212,10.9,12.3,20.5,12.7,58.9,,,2.5,,0.172797416,0.050961528,28.5301
Israel,1257,0.895,,,34330,,,Men,27.57,200000,0.012741655,0.268310182,0.461488201,0.19398781,0.050615962,0.009075754,0.003780435,0.253679527,0.059691716,11.7,13,22.7,13.5,63.3,,,2.5,,0.215186836,0.070394524,1.6426
Israel,1257,0.895,,,34330,,,Women,27.03,200000,0.040357003,0.358684942,0.320645472,0.178676978,0.066111918,0.02236419,0.013159496,0.267153087,0.088476109,11.7,13,22.7,13.5,63.3,,,2.5,,0.136081793,0.057526445,1.6426
Italy,1217,0.876,34.9,,35370,,,Men,26.67,1500000,0.015692896,0.321568173,0.462317572,0.16333932,0.028335833,0.005292085,0.003454121,0.196967238,0.033627917,11.5,14.6,23.7,14.8,57.2,,,2.5,,0.263995539,0.06969316,6.032
Italy,1217,0.876,34.9,,35370,,,Women,24.95,1500000,0.051148519,0.41194669,0.322826088,0.141343524,0.042008773,0.013798208,0.016928198,0.197150505,0.055806981,11.5,14.6,23.7,14.8,57.2,,,2.5,,0.181050492,0.046164076,6.032
Jamaica,383,0.726,,<5,5000,,,Men,25.6,300000,0.066574959,0.421517558,0.323045938,0.108700885,0.024097121,0.008163495,0.047900045,0.1409615,0.032260616,27.2,21.5,26.4,21.7,53.4,,,9.3,,0.247689658,0.090309402,5.0751
Jamaica,383,0.726,,<5,5000,,,Women,29.38,300000,0.04406427,0.290755686,0.303725487,0.182591553,0.086678999,0.058481781,0.033702224,0.327752333,0.14516078,27.2,21.5,26.4,21.7,53.4,,,9.3,,0.195340893,0.140098229,5.0751
Japan,373,0.899,,,48280,,,Men,23.6,3200000,0.078070272,0.566487151,0.274818124,0.039957844,0.002540917,0.000128186,0.037997506,0.042626946,0.002669102,11.4,19.3,34.4,19.6,26.1,,,2.5,,0.23100986,0.083226358,1.6013
Japan,373,0.899,,,48280,,,Women,21.91,3200000,0.151878156,0.535175843,0.185240917,0.031563123,0.004064934,0.000194703,0.091882323,0.03582276,0.004259637,11.4,19.3,34.4,19.6,26.1,,,2.5,,0.131846999,0.05066718,1.6013
Jordan,743,0.727,,<5,3790,,,Men,28.18,900000,0.022808508,0.298020061,0.398772621,0.203106236,0.050439427,0.017275764,0.009577384,0.270821427,0.067715191,31.2,31.4,34.8,31.6,68,,,10.7,,0.236266241,0.161569831,3.7776
Jordan,743,0.727,,<5,3790,,,Women,29.94,900000,0.024262519,0.232714825,0.300086852,0.246969712,0.120098581,0.06310876,0.012758752,0.430177052,0.18320734,31.2,31.4,34.8,31.6,68,,,10.7,,0.197129616,0.169409664,3.7776
Kazakhstan,906,0.788,27.1,16.5,11840,,,Men,26.21,400000,0.037126453,0.404111905,0.361525991,0.142686967,0.02971796,0.006313342,0.018517383,0.178718269,0.036031302,28.8,29.5,30.1,29.5,51.8,,,2.5,,0.301861131,0.120635694,7.3136
Kazakhstan,906,0.788,27.1,16.5,11840,,,Women,26.56,400000,0.056745113,0.380809534,0.305948255,0.14327202,0.054558213,0.022780499,0.035886366,0.220610732,0.077338712,28.8,29.5,30.1,29.5,51.8,,,2.5,,0.241316893,0.111598601,7.3136
Kenya,-148,0.566,,<5,1150,,,Men,22.08,9300000,0.171179644,0.529627256,0.131347985,0.022282223,0.002047035,0.000740473,0.142775385,0.02506973,0.002787508,43.9,25.7,40.1,27,23.7,,,20.8,,0.263795608,0.056733256,57.6777
Kenya,-148,0.566,,<5,1150,,,Women,24.23,9300000,0.119842368,0.449429869,0.228613907,0.075557667,0.017628705,0.008535831,0.100391653,0.101722203,0.026164536,43.9,25.7,40.1,27,23.7,,,20.8,,0.265302169,0.060203316,57.6777
Kiribati,688,0.609,,,3010,,,Men,29,100000,0.006848132,0.216793134,0.367601406,0.250137324,0.106056837,0.050364743,0.002198424,0.406558904,0.15642158,38.9,23.3,35.3,24.1,77.5,,,3.2,,0.239585913,0.217432722,12.1772
Kiribati,688,0.609,,,3010,,,Women,30.98,100000,0.01235682,0.157708693,0.314406189,0.259062786,0.147921582,0.096605593,0.011938337,0.503589961,0.244527175,38.9,23.3,35.3,24.1,77.5,,,3.2,,0.189578476,0.221684825,12.1772
Kuwait,1125,0.795,,<5,51990,4.8,3.1,Men,28.87,100000,0.015996006,0.2501023,0.403131555,0.219919814,0.072515575,0.030549907,0.007784843,0.322985297,0.103065483,24.5,21.1,29.3,21.5,72.1,7.8,0.7,2.5,2.7,0.265233476,0.193323599,0.3787
Kuwait,1125,0.795,,<5,51990,4.8,3.1,Women,30.52,100000,0.019888544,0.207279424,0.303391676,0.255050026,0.128208089,0.075117568,0.011064673,0.458375683,0.203325657,24.5,21.1,29.3,21.5,72.1,7.8,0.7,2.5,2.7,0.214575145,0.192671949,0.3787
Kyrgyzstan,463,0.658,28.8,20.1,1190,,,Men,25.81,400000,0.049586118,0.459684164,0.33869256,0.106434525,0.019318243,0.00423031,0.022054081,0.129983078,0.023548552,36,32.5,37.1,32.8,46.2,,,6.9,,0.273570037,0.096263181,23.6912
Kyrgyzstan,463,0.658,28.8,20.1,1190,,,Women,26.97,400000,0.062040804,0.415646702,0.305505823,0.119757427,0.042498824,0.014890488,0.039659932,0.177146739,0.057389312,36,32.5,37.1,32.8,46.2,,,6.9,,0.256795943,0.104658933,23.6912
Lao People's Democratic Republic,100,0.579,,<5,1620,,,Men,22.42,1200000,0.151279341,0.521011546,0.176233872,0.026527181,0.002845816,0.000891247,0.121210998,0.030264244,0.003737063,42.5,36.6,44,37.1,22.9,,,17.7,,0.246797748,0.075677959,39.3167
Lao People's Democratic Republic,100,0.579,,<5,1620,,,Men,22.42,1200000,0.151279341,0.521011546,0.176233872,0.026527181,0.002845816,0.000891247,0.121210998,0.030264244,0.003737063,42.5,36.6,44,37.1,22.9,,,17.7,,0.27035055,0.075677959,39.3167
Lao People's Democratic Republic,100,0.579,,<5,1620,,,Women,22.85,1200000,0.136914787,0.476797673,0.206752299,0.050476784,0.006992899,0.001791543,0.120274016,0.059261226,0.008784441,42.5,36.6,44,37.1,22.9,,,17.7,,0.250742487,0.074981919,39.3167
Lao People's Democratic Republic,100,0.579,,<5,1620,,,Women,22.85,1200000,0.136914787,0.476797673,0.206752299,0.050476784,0.006992899,0.001791543,0.120274016,0.059261226,0.008784441,42.5,36.6,44,37.1,22.9,,,17.7,,0.217434309,0.074981919,39.3167
Latvia,816,0.833,35.5,<5,14880,,,Men,26.93,100000,0.023699159,0.359717991,0.39996025,0.160193611,0.039348821,0.010164688,0.00691548,0.209707119,0.049513508,24.6,23.2,24.5,23.2,56.8,,,2.5,,0.364473806,0.076759001,11.949
Latvia,816,0.833,35.5,<5,14880,,,Women,26.33,100000,0.049085149,0.369906368,0.30486371,0.165634015,0.064124342,0.026133093,0.020253324,0.25589145,0.090257435,24.6,23.2,24.5,23.2,56.8,,,2.5,,0.235175403,0.065570661,11.949
Lebanon,693,0.751,,13.1,8500,,,Men,27.79,500000,0.024294944,0.293760488,0.405365773,0.200510053,0.050447591,0.013482853,0.012138297,0.264440497,0.063930444,24.1,28.5,33.3,28.6,66.4,,,9.3,,0.235112473,0.139474408,3.3395
Lebanon,693,0.751,,13.1,8500,,,Women,27.45,500000,0.030451685,0.246973916,0.329785909,0.233247533,0.095063615,0.041698841,0.022778502,0.370009989,0.136762456,24.1,28.5,33.3,28.6,66.4,,,9.3,,0.18508084,0.118712852,3.3395
Lesotho,175,0.505,,16.8,1490,,,Men,22.61,300000,0.162796152,0.512619131,0.162386162,0.033656658,0.005273433,0.0019199,0.121348564,0.040849991,0.007193333,49.3,26.5,32.6,26.9,36.9,,,13.3,,0.262204867,0.070875747,63.5576
Lesotho,175,0.505,,16.8,1490,,,Women,26.98,300000,0.071446167,0.353046466,0.272553752,0.160468447,0.058935536,0.037185217,0.046364415,0.2565892,0.096120754,49.3,26.5,32.6,26.9,36.9,,,13.3,,0.306783355,0.096916662,63.5576
Liberia,-149,0.429,,<5,630,32.1,15.3,Men,23.22,1600000,0.138581913,0.548017439,0.175907061,0.040547929,0.005037059,0.004087446,0.087821153,0.049672434,0.009124505,69.3,35.8,41.3,36.3,29.2,3.2,2,37.6,5.6,0.285751849,0.076223279,2.3624
Liberia,-149,0.429,,<5,630,32.1,15.3,Women,24.85,1600000,0.107279537,0.437388398,0.24184931,0.087780458,0.028292943,0.017932262,0.079477092,0.134005663,0.046225204,69.3,35.8,41.3,36.3,29.2,3.2,2,37.6,5.6,0.285618077,0.073493867,2.3624
Lithuania,1058,0.836,35.3,<5,,,,Men,27.03,100000,0.020164629,0.348202952,0.392435105,0.17986281,0.043285858,0.012440865,0.003607783,0.235589532,0.055726723,24,23.6,24.9,23.6,58.6,,,2.5,,0.364860797,0.087094887,14.9395
Lithuania,1058,0.836,35.3,<5,,,,Women,26.1,100000,0.046382921,0.361516871,0.294996314,0.176546632,0.074542913,0.032141814,0.013872534,0.28323136,0.106684728,24,23.6,24.9,23.6,58.6,,,2.5,,0.238226405,0.070462681,14.9395
Luxembourg,1173,0.892,32,,75500,,,Men,27.13,100000,0.014837117,0.310567809,0.434816657,0.176407348,0.047017916,0.012614758,0.003738396,0.236040022,0.059632674,10.9,13.5,22.4,13.8,57.5,,,2.5,,0.290351981,0.069327217,4.6782
Luxembourg,1173,0.892,32,,75500,,,Women,25.7,100000,0.05530941,0.415262065,0.304926404,0.135372031,0.051263381,0.019430983,0.018435727,0.206066394,0.070694364,10.9,13.5,22.4,13.8,57.5,,,2.5,,0.16742238,0.038971082,4.6782
Madagascar,-297,0.509,,13.6,440,,,Men,21.44,8200000,0.166594195,0.517376286,0.144437144,0.022573626,0.002170982,0.001067148,0.14578062,0.025811756,0.00323813,50.7,36.5,35.9,36.5,22.1,,,35.5,,0.27946487,0.061920139,29.5279
Madagascar,-297,0.509,,13.6,440,,,Women,21.03,8200000,0.126915877,0.436485784,0.217259462,0.053538241,0.011353634,0.003136951,0.15131005,0.068028827,0.014490585,50.7,36.5,35.9,36.5,22.1,,,35.5,,0.281727127,0.04708436,29.5279
Malawi,11,0.461,,5.4,390,,,Men,22.41,3700000,0.184093748,0.539629959,0.125755019,0.017840056,0.001324325,0.000504347,0.130852545,0.019668728,0.001828672,61.9,31.6,40.3,32.6,21.9,,,22.1,,0.274931304,0.064357638,23.9011
Malawi,11,0.461,,5.4,390,,,Women,23.04,3700000,0.128916609,0.473714722,0.220697892,0.06303536,0.014379668,0.005916072,0.093339677,0.0833311,0.02029574,61.9,31.6,40.3,32.6,21.9,,,22.1,,0.292421219,0.058692742,23.9011
Malaysia,544,0.785,41.3,13,10760,,,Men,25.08,1000000,0.088065669,0.44761889,0.284541858,0.089325831,0.019439532,0.006211835,0.064796385,0.114977198,0.025651367,29.4,22.1,34.9,22.6,39.7,,,3.2,,0.258509318,0.11291023,5.129
Malaysia,544,0.785,41.3,13,10760,,,Women,25.93,1000000,0.091810438,0.414364663,0.252057477,0.117542127,0.03741872,0.013450862,0.073355714,0.168411709,0.050869582,29.4,22.1,34.9,22.6,39.7,,,3.2,,0.213303443,0.106390193,5.129
Maldives,376,0.696,,,7110,,,Men,24.37,100000,0.131830857,0.514283931,0.199394319,0.041636498,0.005027248,0.001488406,0.10633874,0.048152152,0.006515654,37.4,41.1,46.5,41.3,27.7,,,11.1,,0.27050466,0.109393979,0.112
Maldives,376,0.696,,,7110,,,Women,26.12,100000,0.115260864,0.467997902,0.225207059,0.077866294,0.018704816,0.005538312,0.089424752,0.102109423,0.024243128,37.4,41.1,46.5,41.3,27.7,,,11.1,,0.219193941,0.106728296,0.112
Mali,534,0.408,,11.9,770,,,Men,22.81,1000000,0.156387666,0.538597172,0.154289641,0.032037216,0.004492092,0.002990437,0.111205776,0.039519745,0.007482529,82.9,52.9,59.8,53.8,26,,,6.1,,0.312289313,0.081438097,61.4313
Mali,534,0.408,,11.9,770,,,Women,22.95,1000000,0.118420711,0.442433403,0.226014125,0.08023151,0.021872741,0.011549703,0.099477807,0.113653955,0.033422445,82.9,52.9,59.8,53.8,26,,,6.1,,0.336361862,0.062282287,61.4313
Malta,1015,0.856,28.8,,22660,,,Men,27.91,100000,0.009973469,0.250757264,0.450123936,0.212356918,0.053663795,0.01961885,0.003505769,0.285639563,0.073282645,11.6,13.9,24.2,14.1,65.4,,,2.5,,0.254253869,0.090072009,4.1335
Malta,1015,0.856,28.8,,22660,,,Women,26.73,100000,0.036574301,0.345975129,0.315054507,0.182101483,0.076848811,0.031063245,0.012382525,0.290013539,0.107912056,11.6,13.9,24.2,14.1,65.4,,,2.5,,0.153339861,0.063979912,4.1335
Mauritania,522,0.508,,5,1410,,,Men,23.26,300000,0.129848051,0.519018736,0.191095395,0.049982043,0.005460189,0.004285542,0.100310045,0.059727773,0.009745731,68.8,36.2,45.4,37,32.4,,,7.1,,0.324774452,0.083338416,59.9509
Mauritania,522,0.508,,5,1410,,,Women,26.55,300000,0.097119492,0.408339266,0.240417388,0.110916271,0.039274223,0.025600751,0.07833261,0.175791245,0.064874974,68.8,36.2,45.4,37,32.4,,,7.1,,0.319612972,0.092492909,59.9509
Mauritius,707,0.772,,<5,9790,,,Men,24.57,100000,0.132631981,0.534139019,0.190725741,0.045242243,0.005913873,0.001413177,0.089933966,0.052569294,0.007327051,39.5,22.1,29.2,22.3,31,,,5.5,,0.266671798,0.127222088,3.8661
Mauritius,707,0.772,,<5,9790,,,Women,25.89,100000,0.103724178,0.430319082,0.243636855,0.102970453,0.033367111,0.014319431,0.07166289,0.150656995,0.047686542,39.5,22.1,29.2,22.3,31,,,5.5,,0.234885127,0.129648369,3.8661
Mexico,715,0.756,,10.8,9960,,,Men,27.43,5400000,0.025348685,0.32948485,0.40133142,0.173221892,0.047786489,0.013445586,0.009381078,0.234453967,0.061232075,27,14.2,20.1,14.4,63.3,,,4.4,,0.225556234,0.107524665,12.5697
Mexico,715,0.756,,10.8,9960,,,Women,28.36,5400000,0.031087315,0.289977653,0.338483382,0.202861831,0.083720605,0.037671757,0.016197457,0.324254193,0.121392362,27,14.2,20.1,14.4,63.3,,,4.4,,0.17915572,0.113734563,12.5697
Micronesia,688,0.619,40.1,,3230,,,Men,28.17,,0.012725041,0.255740741,0.337186549,0.223097015,0.097188201,0.068815033,0.00524742,0.389100249,0.166003234,37,19.5,31.5,20.2,74.4,,,,,0.262692377,0.200331071,11.5845
Micronesia,688,0.619,40.1,,3230,,,Women,31.3,,0.014161698,0.169570588,0.291795461,0.240706245,0.150802294,0.121458815,0.011504898,0.512967355,0.27226111,37,19.5,31.5,20.2,74.4,,,,,0.22822476,0.228634812,11.5845
Mongolia,154,0.729,,<5,4350,10.8,1.6,Men,25.61,500000,0.035927601,0.401443359,0.383543016,0.130827591,0.02467119,0.005354541,0.018232702,0.160853322,0.030025731,27.7,16.2,28.5,16.8,53.2,10.5,0.4,18.1,1,0.328977266,0.118131079,38.2594
Mongolia,154,0.729,,<5,4350,10.8,1.6,Women,26.42,500000,0.05082871,0.370557317,0.327985625,0.160391485,0.046684519,0.01586215,0.027690194,0.222938154,0.062546669,27.7,16.2,28.5,16.8,53.2,10.5,0.4,18.1,1,0.263151904,0.108860121,38.2594
Morocco,1047,0.645,39.5,20.5,3080,,,Men,25.25,1400000,0.043053566,0.370252117,0.376491013,0.144291861,0.029366375,0.006974669,0.029570399,0.180632905,0.036341044,32.4,34.4,39,34.6,58.2,,,4.2,,0.266138211,0.136371379,15.777
Morocco,1047,0.645,39.5,20.5,3080,,,Women,26.44,1400000,0.038523145,0.28858698,0.326546105,0.207534217,0.070817154,0.035039143,0.032953255,0.313390515,0.105856298,32.4,34.4,39,34.6,58.2,,,4.2,,0.265079633,0.130547266,15.777
Mozambique,-71,0.423,,,590,,,Men,21.89,7700000,0.169284872,0.527378868,0.146455403,0.026467909,0.002567313,0.000533988,0.127311647,0.02956921,0.003101301,62.6,50,50.4,50,24.9,,,29.1,,0.281849259,0.064370822,26.3604
Mozambique,-71,0.423,,,590,,,Women,23.22,7700000,0.121228079,0.449628178,0.229422448,0.073887893,0.017713075,0.006354758,0.101765569,0.097955726,0.024067834,62.6,50,50.4,50,24.9,,,29.1,,0.295044901,0.060654857,26.3604
Myanmar,221,0.558,,16.9,1230,,,Men,22.02,6500000,0.155091099,0.490980793,0.163978378,0.029067337,0.003993216,0.000835675,0.156053501,0.033896228,0.004828891,48.6,42.3,50,42.6,22.6,,,12.6,,0.24753757,0.067618391,32.4182
Myanmar,221,0.558,,16.9,1230,,,Women,22.9,6500000,0.127026072,0.456163712,0.201153325,0.050359215,0.010813777,0.00386609,0.150617809,0.065039082,0.014679868,48.6,42.3,50,42.6,22.6,,,12.6,,0.241948932,0.077544005,32.4182
Namibia,-187,0.628,,16.4,5800,23.1,13.2,Men,22.83,700000,0.140889404,0.485643338,0.192082522,0.051992169,0.00994041,0.003534612,0.115917546,0.06546719,0.013475021,48.3,23.7,27.9,24,38.2,4.1,2.8,30.5,7.1,0.286693018,0.07150532,36.0427
Namibia,-187,0.628,,16.4,5800,23.1,13.2,Women,25.34,700000,0.075423625,0.3264469,0.267459523,0.150059166,0.060366711,0.033349415,0.08689466,0.243775292,0.093716125,48.3,23.7,27.9,24,38.2,4.1,2.8,30.5,7.1,0.288336213,0.074282596,36.0427
Nepal,319,0.554,,9.6,720,,,Men,22.32,2600000,0.155152492,0.496839813,0.159451629,0.022136522,0.000680495,0.000376519,0.16536253,0.023193536,0.001057014,44.8,34.7,41.8,35.1,19.2,,,9.3,,0.29469328,0.114670536,56.2769
Nepal,319,0.554,,9.6,720,,,Women,22.14,2600000,0.148025691,0.451194081,0.169149017,0.040914323,0.00583818,0.001479457,0.183399251,0.04823196,0.007317637,44.8,34.7,41.8,35.1,19.2,,,9.3,,0.292629597,0.092835507,56.2769
Netherlands,869,0.923,28.1,,52950,,,Men,26.09,400000,0.016112615,0.32419014,0.457241754,0.163178684,0.028916025,0.006225278,0.004135504,0.198319987,0.035141303,10.9,13.6,22.2,13.9,56.5,,,2.5,,0.243003267,0.051773172,8.0586
Netherlands,869,0.923,28.1,,52950,,,Women,25.27,400000,0.057581007,0.417875343,0.308304255,0.135466364,0.046023922,0.016875835,0.017873274,0.198366121,0.062899757,10.9,13.6,22.2,13.9,56.5,,,2.5,,0.152074824,0.035583632,8.0586
New Zealand,783,0.907,,,39790,,,Men,28.11,100000,0.013945296,0.270263522,0.421555583,0.202104199,0.061836085,0.02666154,0.003633775,0.290601823,0.088497625,11.3,9.6,19,9.9,64.2,,,2.5,,0.200628173,0.078536926,45.8512
New Zealand,783,0.907,,,39790,,,Women,27.87,100000,0.042275147,0.333328079,0.299899317,0.1664385,0.086341678,0.055817938,0.015899342,0.308598115,0.142159615,11.3,9.6,19,9.9,64.2,,,2.5,,0.138958119,0.05939533,45.8512
Nicaragua,271,0.639,,21.1,1810,,,Men,26.46,1100000,0.038673745,0.397901777,0.373860556,0.132514941,0.024982678,0.011860203,0.0202061,0.169357821,0.036842881,26.9,13.8,23.6,14.2,56.3,,,17.8,,0.218327416,0.090835277,14.6601
Nicaragua,271,0.639,,21.1,1810,,,Women,27.83,1100000,0.038558876,0.325274551,0.330704596,0.17898528,0.071131729,0.03285108,0.022493887,0.282968089,0.10398281,26.9,13.8,23.6,14.2,56.3,,,17.8,,0.203015812,0.10780088,14.6601
Niger,194,0.34,,14.7,400,,,Men,21.36,1900000,0.181640867,0.538483954,0.119904946,0.01770315,0.001897136,0.00205704,0.138312908,0.021657326,0.003954177,78.3,47.4,59,49.2,20.5,,,10.3,,0.314972918,0.058229163,73.8632
Niger,194,0.34,,14.7,400,,,Women,22.17,1900000,0.13258578,0.453027118,0.206224082,0.057439615,0.014615752,0.007193255,0.128914397,0.079248622,0.021809007,78.3,47.4,59,49.2,20.5,,,10.3,,0.355622978,0.051977896,73.8632
Nigeria,347,0.519,,16.4,2720,36.4,31,Men,22.56,12200000,0.147711721,0.531910928,0.167564647,0.031380382,0.005383934,0.003485865,0.112562523,0.04025018,0.008869799,70.1,48.6,58.7,49.8,26.9,4.9,9.1,7.1,18.1,0.235216158,0.061851753,15.1033
Nigeria,347,0.519,,16.4,2720,36.4,31,Women,23.89,12200000,0.113219573,0.438707384,0.229347112,0.080524555,0.025059083,0.014924797,0.098217495,0.120508436,0.03998388,70.1,48.6,58.7,49.8,26.9,4.9,9.1,7.1,18.1,0.256609409,0.059177719,15.1033
North Macedonia,591,0.743,36.2,21.9,5000,,,Men,27.17,100000,0.018574668,0.325497641,0.431997602,0.174558954,0.035653445,0.00857489,0.0051428,0.218787289,0.044228335,23.2,20,26.7,20.2,56.7,,,4.5,,0.329812404,0.07474094,10.2902
North Macedonia,591,0.743,36.2,21.9,5000,,,Women,26.21,100000,0.057358803,0.401675513,0.296961556,0.149549067,0.051681967,0.019664552,0.023108543,0.220895586,0.071346519,23.2,20,26.7,20.2,56.7,,,4.5,,0.245112999,0.067331867,10.2902
Norway,1126,0.946,26.4,,104340,,,Men,27.27,100000,0.01573332,0.326191865,0.426813782,0.167958251,0.046169645,0.012937998,0.004195139,0.227065894,0.059107643,10.5,12.9,20.7,13.1,57,,,2.5,,0.255803336,0.062207387,6.5182
Norway,1126,0.946,26.4,,104340,,,Women,26.13,100000,0.055077305,0.409979883,0.293721242,0.145659571,0.05406327,0.023923729,0.017575,0.22364657,0.077986999,10.5,12.9,20.7,13.1,57,,,2.5,,0.154432898,0.038991307,6.5182
Oman,780,0.812,,19.1,20610,,,Men,26.24,200000,0.037178148,0.330481126,0.384539682,0.160445318,0.036817161,0.017177827,0.033360737,0.214440306,0.053994988,38.5,36.3,40.8,36.5,60.4,,,5.1,,0.263557637,0.140247598,1.9108
Oman,780,0.812,,19.1,20610,,,Women,26.37,200000,0.037007003,0.258667067,0.32865501,0.208668622,0.074669978,0.04645182,0.0458805,0.32979042,0.121121798,38.5,36.3,40.8,36.5,60.4,,,5.1,,0.233968192,0.121214599,1.9108
Pakistan,85,0.538,30.7,<5,1360,,,Men,23.18,38400000,0.128732704,0.467454677,0.192524313,0.046247608,0.004367204,0.002339059,0.158334435,0.052953872,0.006706264,58,50.4,50.2,50.4,26.3,,,21.1,,0.312812516,0.123327106,35.3859
Pakistan,85,0.538,30.7,<5,1360,,,Women,24.49,38400000,0.124360799,0.420139288,0.198069078,0.073800541,0.0209309,0.009057103,0.153642291,0.103788543,0.029988002,58,50.4,50.2,50.4,26.3,,,21.1,,0.293901436,0.118876803,35.3859
Panama,363,0.776,51.5,,10500,,,Men,26.13,400000,0.037625429,0.384723331,0.390717982,0.130593499,0.027164686,0.010878133,0.01829694,0.168636318,0.038042819,28.7,23.3,27,23.5,57,,,9.7,,0.225446871,0.087169745,12.5198
Panama,363,0.776,51.5,,10500,,,Women,27.58,400000,0.040515604,0.319281458,0.344444403,0.175670167,0.063841118,0.030479007,0.025768242,0.269990292,0.094320125,28.7,23.3,27,23.5,57,,,9.7,,0.176709364,0.095976492,12.5198
Paraguay,229,0.695,47.9,5.7,5550,,,Men,26.36,800000,0.042206451,0.412951108,0.369858489,0.129661462,0.025310199,0.006733553,0.013278738,0.161705214,0.032043751,24.1,20.2,32.1,20.8,51.5,,,12.3,,0.283056688,0.078431769,13.6653
Paraguay,229,0.695,47.9,5.7,5550,,,Women,26.75,800000,0.055458801,0.391008905,0.303442184,0.143596021,0.058892288,0.024443854,0.023157947,0.226932163,0.083336142,24.1,20.2,32.1,20.8,51.5,,,12.3,,0.217347895,0.080579388,13.6653
Peru,342,0.736,43.9,13.1,6250,17.5,3.5,Men,25.98,2800000,0.033093022,0.41273559,0.399844468,0.124589165,0.016942713,0.00327517,0.009519872,0.144807048,0.020217883,35.1,19,26.1,19.3,55.8,,0.1,9.3,0.4,0.166564841,0.071075612,14.8675
Peru,342,0.736,43.9,13.1,6250,17.5,3.5,Women,26.97,2800000,0.034043794,0.349610387,0.364233247,0.172733351,0.051472414,0.013728306,0.014178501,0.237934071,0.06520072,35.1,19,26.1,19.3,55.8,,0.1,9.3,0.4,0.119895425,0.07957806,14.8675
Philippines,215,0.685,,,3300,30.3,19.9,Men,22.72,14000000,0.135310863,0.501374738,0.204516275,0.039748977,0.005364081,0.001651853,0.112033214,0.04676491,0.007015934,19.5,16.2,32.5,17.1,25.9,5,,14.2,7.9,0.242044708,0.069389016,28.4501
Philippines,215,0.685,,,3300,30.3,19.9,Women,23.35,14000000,0.130827404,0.445542146,0.212927625,0.057063798,0.010382715,0.002714126,0.140542185,0.070160639,0.013096841,19.5,16.2,32.5,17.1,25.9,5,,14.2,7.9,0.209278422,0.071984498,28.4501
Poland,1097,0.85,32.5,,13520,,,Men,27.21,1000000,0.0204585,0.314998706,0.428050568,0.181967956,0.041203654,0.006794884,0.006525733,0.229966494,0.047998538,24.6,23.8,25.4,23.9,57,,,2.5,,0.350329061,0.082196967,7.0348
Poland,1097,0.85,32.5,,13520,,,Women,25.98,1000000,0.062618901,0.394351968,0.294867875,0.152438073,0.053366602,0.018331976,0.024024606,0.224136651,0.071698578,24.6,23.8,25.4,23.9,57,,,2.5,,0.235145739,0.069003409,7.0348
Portugal,1119,0.837,36.2,,21340,,,Men,26.32,300000,0.018100798,0.34469113,0.438562356,0.158272743,0.029561704,0.00574164,0.005069628,0.193576087,0.035303344,11.9,14.9,24.4,15.1,55.9,,,2.5,,0.301581954,0.082872382,7.7948
Portugal,1119,0.837,36.2,,21340,,,Women,25.43,300000,0.051020058,0.410772929,0.311110782,0.150504894,0.045778813,0.01359771,0.017214815,0.209881416,0.059376522,11.9,14.9,24.4,15.1,55.9,,,2.5,,0.2047482,0.052681425,7.7948
Republic of Korea,980,0.893,,,25760,,,Men,24.27,1300000,0.069734771,0.564668934,0.294420552,0.038215256,0.002238505,0.000203758,0.030518224,0.040657519,0.002442263,10.6,19.1,24.9,19.2,29.2,,,2.5,,0.148086596,0.091234135,2.0313
Republic of Korea,980,0.893,,,25760,,,Women,23.12,1300000,0.11986238,0.561195336,0.219196905,0.041677425,0.005314005,0.000257231,0.052496718,0.047248661,0.005571236,10.6,19.1,24.9,19.2,29.2,,,2.5,,0.0900062,0.066549048,2.0313
Republic of Moldova,360,0.693,28.5,9.6,2470,,,Men,26.52,,0.034045596,0.421547601,0.378611298,0.123077792,0.025408661,0.006044627,0.011264425,0.154531081,0.031453288,26,25.6,27.7,25.7,50.5,,,,,0.334813591,0.07529796,12.2235
Republic of Moldova,360,0.693,28.5,9.6,2470,,,Women,27.45,,0.057352219,0.409940143,0.296048014,0.14178727,0.049626946,0.020394245,0.024851163,0.211808461,0.070021191,26,25.6,27.7,25.7,50.5,,,,,0.264020409,0.083298232,12.2235
Romania,1004,0.8,36.9,<5,9250,,,Men,26.78,500000,0.021145845,0.327652008,0.418875806,0.174924735,0.037353285,0.010896207,0.009152113,0.223174227,0.048249492,25.4,24.8,26.8,24.9,56.1,,,2.5,,0.348408424,0.071192194,12.5825
Romania,1004,0.8,36.9,<5,9250,,,Women,26.66,500000,0.057148506,0.405667686,0.300471265,0.148040219,0.049542303,0.017416466,0.021713554,0.214998988,0.066958769,25.4,24.8,26.8,24.9,56.1,,,2.5,,0.254179882,0.063040145,12.5825
Russian Federation,1005,0.804,40.9,15.6,15200,,,Men,25.84,3600000,0.027533799,0.380812848,0.406448508,0.141504185,0.028898108,0.005098212,0.00970434,0.175500505,0.03399632,24.1,21.5,23.1,21.6,56,,,2.5,,0.33082798,0.07302348,3.7196
Russian Federation,1005,0.804,40.9,15.6,15200,,,Women,26.74,3600000,0.049622446,0.357281555,0.295280135,0.176442995,0.070925721,0.028648348,0.0217988,0.276017064,0.099574069,24.1,21.5,23.1,21.6,56,,,2.5,,0.2316141,0.079127573,3.7196
Rwanda,-129,0.503,45.1,<5,680,,,Men,21.15,3500000,0.182290877,0.546560983,0.132511723,0.015074925,0.000991846,0.000298173,0.122271474,0.016364944,0.001290019,37.6,19.6,22.4,19.9,23.2,,,31.6,,0.252388058,0.041693162,33.1535
Rwanda,-129,0.503,45.1,<5,680,,,Women,22.52,3500000,0.121168692,0.477184807,0.237856797,0.066656453,0.012494235,0.004667884,0.079971131,0.083818572,0.017162119,37.6,19.6,22.4,19.9,23.2,,,31.6,,0.278033845,0.044529315,33.1535
Saint Kitts and Nevis,122,0.763,,,15890,,,Men,28.04,,0.067370566,0.45555851,0.300437423,0.100792719,0.026390853,0.014110752,0.035339178,0.141294324,0.040501605,,,,,50.2,,,,,0.2801645,0.123628647,9.8893
Saint Kitts and Nevis,122,0.763,,,15890,,,Women,30.45,,0.050718736,0.328619522,0.29809787,0.158759102,0.078471739,0.054905556,0.030427475,0.292136397,0.133377295,,,,,50.2,,,,,0.226758181,0.158792302,9.8893
Saint Lucia,235,0.733,,,8140,,,Men,29.1,,0.083770754,0.478072841,0.275979567,0.085623927,0.016886774,0.007479294,0.052186843,0.109989996,0.024366069,35.1,21,26,21.2,45.9,,,,,0.297119524,0.130963221,5.545
Saint Lucia,235,0.733,,,8140,,,Women,30,,0.054559928,0.349019182,0.298332006,0.15147203,0.06523397,0.042862126,0.038520758,0.259568125,0.108096096,35.1,21,26,21.2,45.9,,,,,0.24140254,0.14559449,5.545
Saint Vincent and the Grenadines,612,0.721,,,6380,,,Men,26.14,100000,0.060332679,0.422775462,0.326622204,0.114555803,0.026770241,0.011494036,0.037449574,0.152820081,0.038264277,32.8,23.6,27.7,23.7,52.7,,,6,,0.261646627,0.091987306,5.583
Saint Vincent and the Grenadines,612,0.721,,,6380,,,Women,28.07,100000,0.048121748,0.307635898,0.30759565,0.169102975,0.082322269,0.050727176,0.034494284,0.30215242,0.133049445,32.8,23.6,27.7,23.7,52.7,,,6,,0.210527962,0.116524519,5.583
Samoa,599,0.7,38.7,,3950,,,Men,30.35,100000,0.006411381,0.248625126,0.353618232,0.228118368,0.103368121,0.058782071,0.001076701,0.39026856,0.162150192,40.3,25.5,38.7,26.5,76.3,,,3.1,,0.263668788,0.221244478,40.2455
Samoa,599,0.7,38.7,,3950,,,Women,33.94,100000,0.010598829,0.158533249,0.276775825,0.246460117,0.170234364,0.133209865,0.004187753,0.549904345,0.303444229,40.3,25.5,38.7,26.5,76.3,,,3.1,,0.206330505,0.259750309,40.2455
Sao Tome and Principe,44,0.56,,,1480,,,Men,23.86,100000,0.12124287,0.534090209,0.207770353,0.05105222,0.007611139,0.006155094,0.072078115,0.064818453,0.013766233,63.8,44.5,54.5,45.4,33.4,,,12.9,,0.276509273,0.08271811,2.9901
Sao Tome and Principe,44,0.56,,,1480,,,Women,25.55,100000,0.098133393,0.415595642,0.24911626,0.102682447,0.033356242,0.024718883,0.076397132,0.160757572,0.058075125,63.8,44.5,54.5,45.4,33.4,,,12.9,,0.252660334,0.076849327,2.9901
Saudi Arabia,892,0.844,,14.4,25440,,,Men,27.9,1600000,0.022224124,0.279027377,0.387653463,0.199987306,0.064403405,0.029850109,0.016854217,0.29424082,0.094253514,38.3,41.4,44.8,41.6,68.1,,,5.5,,0.254208301,0.172327679,1.0558
Saudi Arabia,892,0.844,,14.4,25440,,,Women,29.36,1600000,0.027180188,0.226267169,0.304128023,0.240292877,0.109777907,0.070993656,0.021360181,0.42106444,0.180771563,38.3,41.4,44.8,41.6,68.1,,,5.5,,0.219539776,0.166675947,1.0558
Senegal,99,0.481,,<5,1330,19.2,16.8,Men,21.84,1800000,0.154596319,0.527685264,0.15421732,0.030131371,0.003124006,0.002561439,0.127684281,0.035816816,0.005685444,72.3,51.6,60,52.5,26.8,1.5,1.9,12.4,8.9,0.301547408,0.07401447,36.8324
Senegal,99,0.481,,<5,1330,19.2,16.8,Women,23.99,1800000,0.113115868,0.428446017,0.229458182,0.082208843,0.02487515,0.014512274,0.107383666,0.121596268,0.039387424,72.3,51.6,60,52.5,26.8,1.5,1.9,12.4,8.9,0.306337256,0.071862772,36.8324
Sierra Leone,47,0.419,,<5,650,37.9,18.1,Men,21.9,1700000,0.159704182,0.542612231,0.151762891,0.026318369,0.003600683,0.004025284,0.11197636,0.033944336,0.007625967,77.4,46.9,56.3,47.8,26.1,8.9,4.3,24.7,9.4,0.298135355,0.069230884,20.2627
Sierra Leone,47,0.419,,<5,650,37.9,18.1,Women,23.48,1700000,0.113359164,0.43793455,0.226550458,0.082932441,0.024255874,0.017140757,0.097826757,0.124329071,0.041396631,77.4,46.9,56.3,47.8,26.1,8.9,4.3,24.7,9.4,0.313413849,0.064800879,20.2627
Slovakia,586,0.844,28.1,,18140,,,Men,27.27,200000,0.016874058,0.339028279,0.436683103,0.171834289,0.026728949,0.004935269,0.003916053,0.203498507,0.031664218,24.7,24.8,26.6,24.8,54.9,,,3.7,,0.347283986,0.080011191,4.5002
Slovakia,586,0.844,28.1,,18140,,,Women,25.57,200000,0.065739398,0.412782217,0.29530748,0.141254638,0.046647484,0.011969566,0.026299218,0.199871688,0.05861705,24.7,24.8,26.6,24.8,54.9,,,3.7,,0.232347407,0.062369544,4.5002
Slovenia,815,0.885,26.2,,23090,,,Men,26.5,100000,0.021576475,0.349479392,0.435485682,0.158689346,0.023771457,0.005089917,0.005907732,0.18755072,0.028861374,25.3,22.3,24.8,22.3,54.8,,,2.5,,0.36086491,0.071656475,6.8332
Slovenia,815,0.885,26.2,,23090,,,Women,26.51,100000,0.06052815,0.409376106,0.29439899,0.147040529,0.048981918,0.013718597,0.025955709,0.209741045,0.062700516,25.3,22.3,24.8,22.3,54.8,,,2.5,,0.252655823,0.068895284,6.8332
Solomon Islands,30,0.539,37.1,,1790,,,Men,25.49,100000,0.033845858,0.467636213,0.322082568,0.129925936,0.022798967,0.013194111,0.010516346,0.165919015,0.035993079,43.8,37.4,48.9,38.3,52.7,,,13,,0.202788414,0.123973959,2.5964
Solomon Islands,30,0.539,37.1,,1790,,,Women,26.83,100000,0.038389894,0.341912477,0.33682486,0.178775643,0.061095205,0.02209269,0.020909231,0.261963538,0.083187895,43.8,37.4,48.9,38.3,52.7,,,13,,0.233069969,0.147562421,2.5964
South Africa,667,0.675,,15.1,7330,,,Men,25,2600000,0.095424737,0.442661323,0.252728908,0.095181369,0.030027222,0.016409271,0.06756717,0.141617863,0.046436494,37,25.3,28,25.5,51.9,,,4.8,,0.278294547,0.094980096,7.3739
South Africa,667,0.675,,15.1,7330,,,Women,29.35,2600000,0.047071415,0.267832784,0.263095974,0.195374537,0.107250645,0.090366333,0.029008313,0.392991515,0.197616978,37,25.3,28,25.5,51.9,,,4.8,,0.266634784,0.124315556,7.3739
Spain,820,0.875,36.2,,29400,,,Men,27.19,1200000,0.012347376,0.289382515,0.455024813,0.192722944,0.039176545,0.008114997,0.00323081,0.240014486,0.047291542,11.3,14.1,23.8,14.3,60.5,,,2.5,,0.246368024,0.085310107,10.173
Spain,820,0.875,36.2,,29400,,,Women,25.19,1200000,0.045872658,0.391372321,0.318381133,0.157036944,0.052359395,0.021520704,0.013456844,0.230917044,0.073880099,11.3,14.1,23.8,14.3,60.5,,,2.5,,0.155689107,0.057014608,10.173
Sri Lanka,183,0.759,,26,3490,,,Men,22.31,2400000,0.162087774,0.504065695,0.151954562,0.021534056,0.00228448,0.000475426,0.157598007,0.024293961,0.002759906,25.3,30.5,33.2,30.6,21.3,,,11.6,,0.229034075,0.068222589,20.2831
Sri Lanka,183,0.759,,26,3490,,,Women,23.47,2400000,0.131693579,0.472073286,0.196923277,0.053231621,0.009425473,0.002738723,0.13391404,0.065395818,0.012164197,25.3,30.5,33.2,30.6,21.3,,,11.6,,0.213240482,0.07559002,20.2831
Suriname,392,0.715,,16.5,9020,,,Men,25.32,100000,0.04707067,0.386329738,0.350948383,0.131615699,0.034658758,0.014221451,0.035155301,0.180495908,0.048880209,34.7,22.9,29.9,23.2,57.3,,,8.1,,0.250316801,0.107512956,12.1892
Suriname,392,0.715,,16.5,9020,,,Women,27.68,100000,0.040078289,0.28333508,0.312479617,0.180555327,0.093836642,0.060121186,0.02959386,0.334513155,0.153957827,34.7,22.9,29.9,23.2,57.3,,,8.1,,0.204246519,0.132882172,12.1892
Sweden,825,0.912,28.8,,60970,,,Men,26.73,200000,0.017353564,0.332621874,0.423617427,0.166508277,0.044431053,0.011046676,0.004421128,0.221986007,0.05547773,10.8,13,20.8,13.3,55.2,,,2.5,,0.254311533,0.058412526,5.3769
Sweden,825,0.912,28.8,,60970,,,Women,25.34,200000,0.060802687,0.430073265,0.30976218,0.125514147,0.039504435,0.01459276,0.019750527,0.179611342,0.054097195,10.8,13,20.8,13.3,55.2,,,2.5,,0.15246886,0.039488104,5.3769
Switzerland,1040,0.938,32.5,,88740,,,Men,26.69,200000,0.020083803,0.342191955,0.417353082,0.160808204,0.042055523,0.011220961,0.006286471,0.214084689,0.053276484,11.1,15.5,24.2,15.7,53.1,,,2.5,,0.228981019,0.052331559,9.0107
Switzerland,1040,0.938,32.5,,88740,,,Women,23.88,200000,0.06814079,0.43503532,0.29596734,0.116662377,0.036807248,0.014050432,0.033336493,0.167520057,0.05085768,11.1,15.5,24.2,15.7,53.1,,,2.5,,0.141668311,0.028446922,9.0107
Tajikistan,-154,0.646,,17.3,1320,,,Men,25.65,,0.054177484,0.481531264,0.329653352,0.090449387,0.012900891,0.00304552,0.028242102,0.106395798,0.015946411,30.8,29.4,32.4,29.6,43.2,,,,,0.261194102,0.098886817,33.622
Tajikistan,-154,0.646,,17.3,1320,,,Women,25.99,,0.065838351,0.430268937,0.298902622,0.10966038,0.035159515,0.012109845,0.048060349,0.15692974,0.04726936,30.8,29.4,32.4,29.6,43.2,,,,,0.255156305,0.095552953,33.622
Thailand,430,0.728,37.8,29.8,5720,,,Men,23.66,6100000,0.129358439,0.504836519,0.210734277,0.049670906,0.007247203,0.001089876,0.09706278,0.058007985,0.008337079,26,27.3,36.8,27.5,29.6,,,9,,0.242559535,0.081471081,18.8103
Thailand,430,0.728,37.8,29.8,5720,,,Women,24.81,6100000,0.113169948,0.459273063,0.226777575,0.082074717,0.025105013,0.007071494,0.086528189,0.114251224,0.032176507,26,27.3,36.8,27.5,29.6,,,9,,0.204639851,0.086727077,18.8103
TimorLeste,-224,0.614,,13.9,3540,50.2,37.7,Men,21.04,300000,0.158042555,0.51570574,0.152618249,0.019888691,0.001599895,0.000427168,0.151717701,0.021915755,0.002027063,54.9,34.6,36.4,34.8,19.6,1.5,1.9,26.6,11,0.269357759,0.053295091,14.3961
TimorLeste,-224,0.614,,13.9,3540,50.2,37.7,Women,21.05,300000,0.132843113,0.449583138,0.188650695,0.034931467,0.00617516,0.002292753,0.185523674,0.043399381,0.008467913,54.9,34.6,36.4,34.8,19.6,1.5,1.9,26.6,11,0.280071632,0.054723926,14.3961
Togo,95,0.472,,<5,620,,,Men,22.48,1300000,0.154077251,0.547730262,0.155513474,0.028991501,0.003266549,0.001996426,0.108424537,0.034254476,0.005262976,71.8,48.3,61.7,49.6,26.3,,,18.1,,0.286530109,0.07117027,14.9633
Togo,95,0.472,,<5,620,,,Women,24.28,1300000,0.116655649,0.444830552,0.231308374,0.080079403,0.023892516,0.012224752,0.091008754,0.116196671,0.036117268,71.8,48.3,61.7,49.6,26.3,,,18.1,,0.293525939,0.068419472,14.9633
Trinidad and Tobago,672,0.779,,<5,18430,,,Men,26.51,100000,0.089284722,0.505109632,0.265360539,0.080154912,0.013910462,0.00516584,0.041013894,0.099231214,0.019076301,31.6,22.5,26.2,22.7,43.9,,,6.6,,0.272073185,0.100321169,0.5757
Trinidad and Tobago,672,0.779,,<5,18430,,,Women,28.49,100000,0.062179287,0.36420256,0.289029161,0.136578894,0.064192207,0.04754885,0.036269042,0.248319951,0.111741057,31.6,22.5,26.2,22.7,43.9,,,6.6,,0.235007233,0.125526439,0.5757
Tunisia,994,0.723,,<5,4130,,,Men,25.42,500000,0.044882268,0.356517543,0.388032686,0.143154736,0.02895479,0.007691974,0.030766003,0.1798015,0.036646764,27.2,28.4,34.8,28.7,59.7,,,4.5,,0.242846744,0.118306746,11.3964
Tunisia,994,0.723,,<5,4130,,,Women,27.14,500000,0.035389719,0.271271606,0.323470273,0.213064537,0.087482518,0.037930384,0.031390963,0.338477439,0.125412902,27.2,28.4,34.8,28.7,59.7,,,4.5,,0.232851696,0.12600299,11.3964
Turkey,1353,0.771,40.2,<5,12530,9.5,1.9,Men,27.03,1900000,0.023973907,0.327693434,0.406802681,0.181042889,0.040932385,0.008951488,0.010603216,0.230926762,0.049883873,27.8,29.1,33.1,29.2,65,10.9,0.4,2.5,1.7,0.209881106,0.127274281,8.5022
Turkey,1353,0.771,40.2,<5,12530,9.5,1.9,Women,28.75,1900000,0.028443717,0.257820396,0.31045845,0.232965312,0.103999081,0.050679094,0.015633949,0.387643488,0.154678176,27.8,29.1,33.1,29.2,65,10.9,0.4,2.5,1.7,0.211695328,0.138657803,8.5022
Turkmenistan,481,0.692,,17,6510,,,Men,26.32,300000,0.039586381,0.429100203,0.365382794,0.121902056,0.020914799,0.004750663,0.018363104,0.147567518,0.025665462,27.9,31.2,32,31.2,49.6,,,4.8,,0.266856788,0.118839183,9.6784
Turkmenistan,481,0.692,,17,6510,,,Women,26.4,300000,0.057188447,0.393630404,0.310254083,0.132188437,0.049847455,0.018245437,0.038645737,0.200281329,0.068092892,27.9,31.2,32,31.2,49.6,,,4.8,,0.242892395,0.11497266,9.6784
Uganda,-227,0.496,,<5,620,,,Men,21.39,12600000,0.190212102,0.551067173,0.117923487,0.014557142,0.001042917,0.000508836,0.124688343,0.016108895,0.001551753,54.7,28,35.6,29,20.9,,,33.7,,0.263361266,0.042220558,37.3193
Uganda,-227,0.496,,<5,620,,,Women,23.05,12600000,0.132878228,0.464788376,0.218881244,0.060604778,0.013226259,0.004285496,0.105335619,0.078116533,0.017511754,54.7,28,35.6,29,20.9,,,33.7,,0.272989256,0.046005474,37.3193
Ukraine,783,0.745,24.6,<5,3800,,,Men,26.86,1100000,0.022995101,0.356492897,0.401318204,0.163199459,0.03866552,0.010112246,0.007216573,0.211977225,0.048777766,24.6,21.6,24,21.7,57.2,,,2.5,,0.32678071,0.073008273,6.6131
Ukraine,783,0.745,24.6,<5,3800,,,Women,26.34,1100000,0.047616239,0.367476024,0.305541636,0.170003173,0.064506271,0.025708227,0.019148431,0.260217671,0.090214497,24.6,21.6,24,21.7,57.2,,,2.5,,0.230399667,0.071457166,6.6131
United Arab Emirates,920,0.851,,,43880,,,Men,27.93,400000,0.024860981,0.297334174,0.39865736,0.192140155,0.054019038,0.017118817,0.015869475,0.26327801,0.071137855,26.9,25.7,31.8,25.9,66,,,4.5,,0.230840683,0.148830766,0.751
United Arab Emirates,920,0.851,,,43880,,,Women,29.45,400000,0.027764079,0.232544418,0.309569687,0.242394536,0.107004798,0.059039117,0.021683365,0.408438451,0.166043915,26.9,25.7,31.8,25.9,66,,,4.5,,0.191324108,0.152418295,0.751
United Kingdom,1057,0.915,33.2,,42250,,,Men,27.41,1600000,0.016572053,0.287450596,0.431960284,0.189159384,0.052807607,0.01647419,0.005575886,0.258441181,0.069281797,10.1,11.9,20.7,12.1,62.2,,,2.5,,0.191331303,0.065743835,7.0993
United Kingdom,1057,0.915,33.2,,42250,,,Women,27.06,1600000,0.041920016,0.352214215,0.309264929,0.164163371,0.074852707,0.041329544,0.016255218,0.280345622,0.11618225,10.1,11.9,20.7,12.1,62.2,,,2.5,,0.132334644,0.049375214,7.0993
United Republic of Tanzania,-149,0.507,,5,850,37.1,13,Men,22.3,16500000,0.16140228,0.525698356,0.153125502,0.030278591,0.003610164,0.000858709,0.125026398,0.034747464,0.004468873,58.5,36.6,49.4,37.9,25.7,5.2,1.4,32.6,4.3,0.265167251,0.059072511,15.0141
United Republic of Tanzania,-149,0.507,,5,850,37.1,13,Women,23.84,16500000,0.116520631,0.440196895,0.225775024,0.082889574,0.023027283,0.009599135,0.101991458,0.115515992,0.032626418,58.5,36.6,49.4,37.9,25.7,5.2,1.4,32.6,4.3,0.276600114,0.060300674,15.0141
United States of America,1329,0.916,41,,53940,,,Men,28.89,7900000,0.013201502,0.250477216,0.388042411,0.207962652,0.083862703,0.051198051,0.005255465,0.343023406,0.135060755,6.8,11.2,15,11.3,66.4,,,2.5,,0.155337603,0.080987421,5.1628
United States of America,1329,0.916,41,,53940,,,Women,28.85,7900000,0.043295127,0.307612177,0.268571278,0.17062496,0.100695702,0.091849718,0.017351039,0.363170379,0.19254542,6.8,11.2,15,11.3,66.4,,,2.5,,0.107966167,0.063775682,5.1628
Uruguay,696,0.797,40.5,<5,15580,,,Men,27.15,100000,0.023695495,0.321799117,0.406816163,0.184746657,0.042749309,0.013729216,0.006464043,0.241225182,0.056478525,21.4,18.3,30,18.7,61.3,,,2.5,,0.258167965,0.090396168,76.8071
Uruguay,696,0.797,40.5,<5,15580,,,Women,27.29,100000,0.042121683,0.331376966,0.309296054,0.177925962,0.083253371,0.043134626,0.012891338,0.304313959,0.126387997,21.4,18.3,30,18.7,61.3,,,2.5,,0.17700902,0.096148041,76.8071
Uzbekistan,406,0.69,,<5,1970,,,Men,26.1,2200000,0.04913354,0.46083248,0.340255012,0.104987633,0.018341577,0.004583783,0.021865974,0.127912994,0.02292536,38.2,37.1,25,36.4,46.1,,,7.4,,0.264097035,0.101100836,13.9738
Uzbekistan,406,0.69,,<5,1970,,,Women,27.14,2200000,0.060721824,0.414722278,0.303047693,0.120734125,0.042936125,0.016972378,0.040865579,0.180642627,0.059908502,38.2,37.1,25,36.4,46.1,,,7.4,,0.243729907,0.103185262,13.9738
Vanuatu,479,0.597,,,3200,28.5,10.7,Men,25.6,100000,0.032598844,0.438061627,0.327052471,0.145723356,0.029563189,0.014028914,0.012971599,0.189315459,0.043592103,30.8,23.5,28.4,23.9,55,4.6,1.1,6.5,4.4,0.240241863,0.153383807,76.2314
Vanuatu,479,0.597,,,3200,28.5,10.7,Women,26.8,100000,0.038281024,0.321341896,0.323867469,0.183302446,0.069577998,0.039679663,0.023949504,0.292560106,0.10925766,30.8,23.5,28.4,23.9,55,4.6,1.1,6.5,4.4,0.239030835,0.155810671,76.2314
Venezuela (Bolivarian Republic of),272,0.776,,7.5,11760,,,Men,26.68,1800000,0.022687132,0.335354953,0.413113561,0.165500761,0.041244831,0.011907338,0.010191424,0.21865293,0.053152169,29.6,22.6,28.4,22.9,62.2,,,6.1,,0.222403452,0.098852903,11.0045
Venezuela (Bolivarian Republic of),272,0.776,,7.5,11760,,,Women,26.87,1800000,0.035898642,0.301801945,0.359613112,0.193112283,0.07110098,0.022363405,0.016109634,0.286576668,0.093464384,29.6,22.6,28.4,22.9,62.2,,,6.1,,0.164714526,0.089250286,11.0045
Viet Nam,390,0.675,,23.4,1710,25.9,15.3,Men,21.5,11100000,0.180766139,0.492754011,0.131205197,0.012128571,0.000479744,0.00012348,0.182542858,0.012731796,0.000603225,32,21,34.8,21.5,16.4,4.6,1.6,12.1,6.6,0.248334464,0.054416806,21.6476
Viet Nam,390,0.675,,23.4,1710,25.9,15.3,Women,21.53,11100000,0.152799384,0.461143065,0.171734024,0.020143007,0.001980975,0.000161639,0.192037906,0.022285622,0.002142615,32,21,34.8,21.5,16.4,4.6,1.6,12.1,6.6,0.215485628,0.051238017,21.6476
Yemen,-138,0.507,,23.2,1410,46.5,16.3,Men,23.47,7100000,0.072267257,0.443288717,0.322806094,0.089643327,0.013028892,0.004231929,0.054733784,0.106904148,0.017260821,83.7,67,62.2,66.6,46.2,2,5.2,27.7,16.3,0.297959729,0.12179906,19.0585
Yemen,-138,0.507,,23.2,1410,46.5,16.3,Women,23.88,7100000,0.058314323,0.335075356,0.316584241,0.150058146,0.04272909,0.015499398,0.081739445,0.208286634,0.058228488,83.7,67,62.2,66.6,46.2,2,5.2,27.7,16.3,0.312967717,0.098116216,19.0585
Zambia,-429,0.574,,16.5,1730,40,14.8,Men,21.28,7000000,0.161813708,0.513653318,0.153213119,0.028310576,0.002683507,0.000712794,0.139612978,0.031706877,0.0033963,55.1,30.7,38.6,31.6,26.1,6.2,2.5,46.1,6.3,0.277711153,0.063178561,5.5607
Zambia,-429,0.574,,16.5,1730,40,14.8,Women,23.59,7000000,0.114682188,0.441861638,0.238433326,0.083987034,0.023235373,0.008497091,0.08930335,0.115719498,0.031732464,55.1,30.7,38.6,31.6,26.1,6.2,2.5,46.1,6.3,0.266437372,0.065632972,5.5607
Zimbabwe,-240,0.516,,,1070,,,Men,22.21,6700000,0.156329979,0.511882547,0.176230781,0.037358107,0.004324384,0.002202648,0.111671554,0.043885139,0.006527032,46.9,29.2,34.2,29.6,37,,,44.4,,0.271308382,0.063922933,17.2561
Zimbabwe,-240,0.516,,,1070,,,Women,25.32,6700000,0.071591738,0.351571862,0.278894369,0.162393589,0.057094474,0.029754422,0.048699547,0.249242485,0.086848896,46.9,29.2,34.2,29.6,37,,,44.4,,0.29201417,0.074615824,17.2561
